LA_OldID,LA_NewID,LA_name,SecondHomes,Year
E3831,E07000223,Adur,173,2019
E0931,E07000026,Allerdale,1308,2019
E1031,E07000032,Amber Valley,259,2019
E3832,E07000224,Arun,1655,2019
E3031,E07000170,Ashfield,232,2019
E2231,E07000105,Ashford,558,2019
E0431,E07000004,Aylesbury Vale,110,2019
E3531,E07000200,Babergh,517,2019
E5030,E09000002,Barking and Dagenham,141,2019
E5031,E09000003,Barnet,3253,2019
E4401,E08000016,Barnsley,79,2019
E0932,E07000027,Barrow-in-Furness,263,2019
E1531,E07000066,Basildon,153,2019
E1731,E07000084,Basingstoke and Deane,274,2019
E3032,E07000171,Bassetlaw,232,2019
E0101,E06000022,Bath and North East Somerset,812,2019
E0202,E06000055,Bedford UA,265,2019
E5032,E09000004,Bexley,38,2019
E4601,E08000025,Birmingham,1616,2019
E2431,E07000129,Blaby,120,2019
E2301,E06000008,Blackburn with Darwen UA,192,2019
E2302,E06000009,Blackpool UA,610,2019
E1032,E07000033,Bolsover,113,2019
E4201,E08000001,Bolton,553,2019
E2531,E07000136,Boston,61,2019
E1204,E06000058,"Bournemouth, Christchurch and Poole",5213,2019
E0301,E06000036,Bracknell Forest UA,97,2019
E4701,E08000032,Bradford,2417,2019
E1532,E07000067,Braintree,182,2019
E2631,E07000143,Breckland,440,2019
E5033,E09000005,Brent,252,2019
E1533,E07000068,Brentwood,109,2019
E1401,E06000043,Brighton and Hove,1998,2019
E0102,E06000023,Bristol,2355,2019
E2632,E07000144,Broadland,397,2019
E5034,E09000006,Bromley,833,2019
E1831,E07000234,Bromsgrove,111,2019
E1931,E07000095,Broxbourne,45,2019
E3033,E07000172,Broxtowe,221,2019
E2333,E07000117,Burnley,196,2019
E4202,E08000002,Bury,318,2019
E4702,E08000033,Calderdale,516,2019
E0531,E07000008,Cambridge,2077,2019
E5011,E09000007,Camden,7525,2019
E3431,E07000192,Cannock Chase,136,2019
E2232,E07000106,Canterbury,1337,2019
E0933,E07000028,Carlisle,585,2019
E1534,E07000069,Castle Point,253,2019
E0203,E06000056,Central Bedfordshire UA,252,2019
E2432,E07000130,Charnwood,524,2019
E1535,E07000070,Chelmsford,289,2019
E1631,E07000078,Cheltenham,942,2019
E3131,E07000177,Cherwell,513,2019
E0603,E06000049,Cheshire East UA,1516,2019
E0604,E06000050,Cheshire West and Chester UA,862,2019
E1033,E07000034,Chesterfield,173,2019
E3833,E07000225,Chichester,3375,2019
E0432,E07000005,Chiltern,211,2019
E2334,E07000118,Chorley,158,2019
E5010,E09000001,City of London,1969,2019
E1536,E07000071,Colchester,534,2019
E0934,E07000029,Copeland,817,2019
E2831,E07000150,Corby,10,2019
E0801,E06000052,Cornwall UA,14015,2019
E1632,E07000079,Cotswold,1714,2019
E4602,E08000026,Coventry,1460,2019
E2731,E07000163,Craven,781,2019
E3834,E07000226,Crawley,356,2019
E5035,E09000008,Croydon,408,2019
E1932,E07000096,Dacorum,337,2019
E1301,E06000005,Darlington UA,258,2019
E2233,E07000107,Dartford,186,2019
E2832,E07000151,Daventry,126,2019
E1001,E06000015,Derby UA,131,2019
E1035,E07000035,Derbyshire Dales,1062,2019
E4402,E08000017,Doncaster,520,2019
E1203,E06000059,Dorset UA,5876,2019
E2234,E07000108,Dover,1257,2019
E4603,E08000027,Dudley,391,2019
E1302,E06000047,Durham UA,1752,2019
E5036,E09000009,Ealing,216,2019
E0532,E07000009,East Cambridgeshire,200,2019
E1131,E07000040,East Devon,2476,2019
E1732,E07000085,East Hampshire,375,2019
E1933,E07000242,East Hertfordshire,165,2019
E2532,E07000137,East Lindsey,1360,2019
E2833,E07000152,East Northamptonshire,176,2019
E2001,E06000011,East Riding of Yorkshire UA,1851,2019
E3432,E07000193,East Staffordshire,250,2019
E3538,E07000244,East Suffolk,4177,2019
E1432,E07000061,Eastbourne,905,2019
E1733,E07000086,Eastleigh,197,2019
E0935,E07000030,Eden,1362,2019
E3631,E07000207,Elmbridge,313,2019
E5037,E09000010,Enfield,1097,2019
E1537,E07000072,Epping Forest,452,2019
E3632,E07000208,Epsom and Ewell,15,2019
E1036,E07000036,Erewash,119,2019
E1132,E07000041,Exeter,541,2019
E1734,E07000087,Fareham,334,2019
E0533,E07000010,Fenland,148,2019
E2240,E07000112,Folkestone and Hythe,1067,2019
E1633,E07000080,Forest of Dean,313,2019
E2335,E07000119,Fylde,584,2019
E4501,E08000037,Gateshead,390,2019
E3034,E07000173,Gedling,140,2019
E1634,E07000081,Gloucester,176,2019
E1735,E07000088,Gosport,200,2019
E2236,E07000109,Gravesham,49,2019
E2633,E07000145,Great Yarmouth,2249,2019
E5012,E09000011,Greenwich,302,2019
E3633,E07000209,Guildford,418,2019
E5013,E09000012,Hackney,728,2019
E0601,E06000006,Halton UA,107,2019
E2732,E07000164,Hambleton,525,2019
E5014,E09000013,Hammersmith and Fulham,1946,2019
E2433,E07000131,Harborough,189,2019
E5038,E09000014,Haringey,0,2019
E1538,E07000073,Harlow,65,2019
E2753,E07000165,Harrogate,800,2019
E5039,E09000015,Harrow,743,2019
E1736,E07000089,Hart,89,2019
E0701,E06000001,Hartlepool UA,152,2019
E1433,E07000062,Hastings,777,2019
E1737,E07000090,Havant,293,2019
E5040,E09000016,Havering,166,2019
E1801,E06000019,Herefordshire UA,511,2019
E1934,E07000098,Hertsmere,267,2019
E1037,E07000037,High Peak,312,2019
E5041,E09000017,Hillingdon,1553,2019
E2434,E07000132,Hinckley and Bosworth,114,2019
E3835,E07000227,Horsham,336,2019
E5042,E09000018,Hounslow,224,2019
E0551,E07000011,Huntingdonshire,393,2019
E2336,E07000120,Hyndburn,75,2019
E3533,E07000202,Ipswich,533,2019
E2101,E06000046,Isle of Wight UA,3236,2019
E4001,E06000053,Isles of Scilly,101,2019
E5015,E09000019,Islington,294,2019
E5016,E09000020,Kensington and Chelsea,8573,2019
E2834,E07000153,Kettering,162,2019
E2634,E07000146,King's Lynn and West Norfolk,3451,2019
E2002,E06000010,Kingston upon Hull UA,256,2019
E5043,E09000021,Kingston upon Thames,545,2019
E4703,E08000034,Kirklees,1387,2019
E4301,E08000011,Knowsley,43,2019
E5017,E09000022,Lambeth,414,2019
E2337,E07000121,Lancaster,707,2019
E4704,E08000035,Leeds,2174,2019
E2401,E06000016,Leicester UA,1422,2019
E1435,E07000063,Lewes,281,2019
E5018,E09000023,Lewisham,304,2019
E3433,E07000194,Lichfield,95,2019
E2533,E07000138,Lincoln,688,2019
E4302,E08000012,Liverpool,194,2019
E0201,E06000032,Luton UA,107,2019
E2237,E07000110,Maidstone,184,2019
E1539,E07000074,Maldon,255,2019
E1851,E07000235,Malvern Hills,383,2019
E4203,E08000003,Manchester,6225,2019
E3035,E07000174,Mansfield,71,2019
E2201,E06000035,Medway UA,414,2019
E2436,E07000133,Melton,50,2019
E3331,E07000187,Mendip,357,2019
E5044,E09000024,Merton,1639,2019
E1133,E07000042,Mid Devon,232,2019
E3534,E07000203,Mid Suffolk,466,2019
E3836,E07000228,Mid Sussex,252,2019
E0702,E06000002,Middlesbrough UA,19,2019
E0401,E06000042,Milton Keynes UA,958,2019
E3634,E07000210,Mole Valley,230,2019
E1738,E07000091,New Forest,1803,2019
E3036,E07000175,Newark and Sherwood,185,2019
E4502,E08000021,Newcastle upon Tyne,2857,2019
E3434,E07000195,Newcastle-under-Lyme,422,2019
E5045,E09000025,Newham,296,2019
E1134,E07000043,North Devon,1666,2019
E1038,E07000038,North East Derbyshire,189,2019
E2003,E06000012,North East Lincolnshire UA,322,2019
E1935,E07000099,North Hertfordshire,269,2019
E2534,E07000139,North Kesteven,227,2019
E2004,E06000013,North Lincolnshire UA,326,2019
E2635,E07000147,North Norfolk,5450,2019
E0104,E06000024,North Somerset UA,421,2019
E4503,E08000022,North Tyneside,237,2019
E3731,E07000218,North Warwickshire,52,2019
E2437,E07000134,North West Leicestershire,137,2019
E2835,E07000154,Northampton,204,2019
E2901,E06000057,Northumberland UA,3500,2019
E2636,E07000148,Norwich,698,2019
E3001,E06000018,Nottingham UA,358,2019
E3732,E07000219,Nuneaton and Bedworth,130,2019
E2438,E07000135,Oadby and Wigston,62,2019
E4204,E08000004,Oldham,254,2019
E3132,E07000178,Oxford,807,2019
E2338,E07000122,Pendle,180,2019
E0501,E06000031,Peterborough UA,187,2019
E1101,E06000026,Plymouth UA,870,2019
E1701,E06000044,Portsmouth UA,1046,2019
E2339,E07000123,Preston,556,2019
E0303,E06000038,Reading UA,1361,2019
E5046,E09000026,Redbridge,731,2019
E0703,E06000003,Redcar and Cleveland UA,262,2019
E1835,E07000236,Redditch,94,2019
E3635,E07000211,Reigate and Banstead,312,2019
E2340,E07000124,Ribble Valley,213,2019
E5047,E09000027,Richmond upon Thames,433,2019
E2734,E07000166,Richmondshire,968,2019
E4205,E08000005,Rochdale,311,2019
E1540,E07000075,Rochford,82,2019
E2341,E07000125,Rossendale,133,2019
E1436,E07000064,Rother,1175,2019
E4403,E08000018,Rotherham,483,2019
E3733,E07000220,Rugby,164,2019
E3636,E07000212,Runnymede,137,2019
E3038,E07000176,Rushcliffe,220,2019
E1740,E07000092,Rushmoor,240,2019
E2402,E06000017,Rutland UA,181,2019
E2755,E07000167,Ryedale,798,2019
E4206,E08000006,Salford,1361,2019
E4604,E08000028,Sandwell,7,2019
E2736,E07000168,Scarborough,4090,2019
E3332,E07000188,Sedgemoor,705,2019
E4304,E08000014,Sefton,401,2019
E2757,E07000169,Selby,141,2019
E2239,E07000111,Sevenoaks,361,2019
E4404,E08000019,Sheffield,1058,2019
E3202,E06000051,Shropshire UA,1579,2019
E0304,E06000039,Slough UA,308,2019
E4605,E08000029,Solihull,107,2019
E3336,E07000246,Somerset West and Taunton,1295,2019
E0434,E07000006,South Bucks,142,2019
E0536,E07000012,South Cambridgeshire,310,2019
E1039,E07000039,South Derbyshire,178,2019
E0103,E06000025,South Gloucestershire UA,99,2019
E1136,E07000044,South Hams,3730,2019
E2535,E07000140,South Holland,202,2019
E2536,E07000141,South Kesteven,324,2019
E0936,E07000031,South Lakeland,3866,2019
E2637,E07000149,South Norfolk,736,2019
E2836,E07000155,South Northamptonshire,218,2019
E3133,E07000179,South Oxfordshire,282,2019
E2342,E07000126,South Ribble,91,2019
E3334,E07000189,South Somerset,789,2019
E3435,E07000196,South Staffordshire,146,2019
E4504,E08000023,South Tyneside,496,2019
E1702,E06000045,Southampton UA,1063,2019
E1501,E06000033,Southend-on-Sea UA,469,2019
E5019,E09000028,Southwark,523,2019
E3637,E07000213,Spelthorne,107,2019
E1936,E07000240,St Albans,186,2019
E4303,E08000013,St Helens,593,2019
E3436,E07000197,Stafford,370,2019
E3437,E07000198,Staffordshire Moorlands,203,2019
E1937,E07000243,Stevenage,62,2019
E4207,E08000007,Stockport,597,2019
E0704,E06000004,Stockton-on-Tees UA,348,2019
E3401,E06000021,Stoke-on-Trent UA,365,2019
E3734,E07000221,Stratford-on-Avon,758,2019
E1635,E07000082,Stroud,520,2019
E4505,E08000024,Sunderland,861,2019
E3638,E07000214,Surrey Heath,221,2019
E5048,E09000029,Sutton,114,2019
E2241,E07000113,Swale,1542,2019
E3901,E06000030,Swindon UA,188,2019
E4208,E08000008,Tameside,120,2019
E3439,E07000199,Tamworth,13,2019
E3639,E07000215,Tandridge,230,2019
E1137,E07000045,Teignbridge,1390,2019
E3201,E06000020,Telford and Wrekin UA,266,2019
E1542,E07000076,Tendring,1726,2019
E1742,E07000093,Test Valley,167,2019
E1636,E07000083,Tewkesbury,223,2019
E2242,E07000114,Thanet,1679,2019
E1938,E07000102,Three Rivers,43,2019
E1502,E06000034,Thurrock UA,225,2019
E2243,E07000115,Tonbridge and Malling,259,2019
E1102,E06000027,Torbay UA,1541,2019
E1139,E07000046,Torridge,992,2019
E5020,E09000030,Tower Hamlets,6240,2019
E4209,E08000009,Trafford,701,2019
E2244,E07000116,Tunbridge Wells,276,2019
E1544,E07000077,Uttlesford,190,2019
E3134,E07000180,Vale of White Horse,198,2019
E4705,E08000036,Wakefield,791,2019
E4606,E08000030,Walsall,182,2019
E5049,E09000031,Waltham Forest,578,2019
E5021,E09000032,Wandsworth,635,2019
E0602,E06000007,Warrington UA,486,2019
E3735,E07000222,Warwick,613,2019
E1939,E07000103,Watford,36,2019
E3640,E07000216,Waverley,387,2019
E1437,E07000065,Wealden,776,2019
E2837,E07000156,Wellingborough,54,2019
E1940,E07000241,Welwyn Hatfield,652,2019
E0302,E06000037,West Berkshire UA,273,2019
E1140,E07000047,West Devon,534,2019
E2343,E07000127,West Lancashire,110,2019
E2537,E07000142,West Lindsey,241,2019
E3135,E07000181,West Oxfordshire,981,2019
E3539,E07000245,West Suffolk,525,2019
E5022,E09000033,Westminster,3018,2019
E4210,E08000010,Wigan,411,2019
E3902,E06000054,Wiltshire UA,1560,2019
E1743,E07000094,Winchester,460,2019
E0305,E06000040,Windsor and Maidenhead UA,858,2019
E4305,E08000015,Wirral,620,2019
E3641,E07000217,Woking,192,2019
E0306,E06000041,Wokingham UA,401,2019
E4607,E08000031,Wolverhampton,418,2019
E1837,E07000237,Worcester,271,2019
E3837,E07000229,Worthing,505,2019
E1838,E07000238,Wychavon,462,2019
E0435,E07000007,Wycombe,428,2019
E2344,E07000128,Wyre,170,2019
E1839,E07000239,Wyre Forest,396,2019
E3831,,Adur,157,2018
E0931,,Allerdale,1297,2018
E1031,,Amber Valley,262,2018
E3832,,Arun,1630,2018
E3031,,Ashfield,217,2018
E2231,,Ashford,575,2018
E0431,,Aylesbury Vale,111,2018
E3531,,Babergh,518,2018
E5030,,Barking & Dagenham,111,2018
E5031,,Barnet,3657,2018
E4401,,Barnsley,71,2018
E0932,,Barrow-in-Furness,257,2018
E1531,,Basildon,378,2018
E1731,,Basingstoke & Deane,304,2018
E3032,,Bassetlaw,204,2018
E0101,,Bath & North East Somerset,787,2018
E0202,,Bedford UA,252,2018
E5032,,Bexley,32,2018
E4601,,Birmingham,1282,2018
E2431,,Blaby,139,2018
E2301,,Blackburn with Darwen UA,169,2018
E2302,,Blackpool UA,572,2018
E1032,,Bolsover,140,2018
E4201,,Bolton,613,2018
E2531,,Boston,65,2018
E1202,,Bournemouth UA,3363,2018
E0301,,Bracknell Forest UA,97,2018
E4701,,Bradford,1986,2018
E1532,,Braintree,177,2018
E2631,,Breckland,433,2018
E5033,,Brent,286,2018
E1533,,Brentwood,322,2018
E1401,,Brighton and Hove,1930,2018
E0102,,Bristol,2172,2018
E2632,,Broadland,517,2018
E5034,,Bromley,790,2018
E1831,,Bromsgrove,102,2018
E1931,,Broxbourne,58,2018
E3033,,Broxtowe,221,2018
E2333,,Burnley,186,2018
E4202,,Bury,281,2018
E4702,,Calderdale,497,2018
E0531,,Cambridge,2054,2018
E5011,,Camden,7122,2018
E3431,,Cannock Chase,105,2018
E2232,,Canterbury,1479,2018
E0933,,Carlisle,603,2018
E1534,,Castle Point,205,2018
E0203,,Central Bedfordshire UA,249,2018
E2432,,Charnwood,439,2018
E1535,,Chelmsford,302,2018
E1631,,Cheltenham,910,2018
E3131,,Cherwell,455,2018
E0603,,Cheshire East UA,1488,2018
E0604,,Cheshire West and Chester UA,904,2018
E1033,,Chesterfield,171,2018
E3833,,Chichester,3214,2018
E0432,,Chiltern,214,2018
E2334,,Chorley,133,2018
E1232,,Christchurch,786,2018
E5010,,City of London,1964,2018
E1536,,Colchester,369,2018
E0934,,Copeland,865,2018
E2831,,Corby,11,2018
E0801,,Cornwall UA,14189,2018
E1632,,Cotswold,1676,2018
E4602,,Coventry,1695,2018
E2731,,Craven,599,2018
E3834,,Crawley,353,2018
E5035,,Croydon,464,2018
E1932,,Dacorum,303,2018
E1301,,Darlington UA,274,2018
E2233,,Dartford,193,2018
E2832,,Daventry,175,2018
E1001,,Derby UA,127,2018
E1035,,Derbyshire Dales,1025,2018
E4402,,Doncaster,498,2018
E2234,,Dover,1257,2018
E4603,,Dudley,340,2018
E1302,,Durham UA,2169,2018
E5036,,Ealing,200,2018
E0532,,East Cambridgeshire,190,2018
E1131,,East Devon,2499,2018
E1233,,East Dorset,298,2018
E1732,,East Hampshire,360,2018
E1933,,East Hertfordshire,197,2018
E2532,,East Lindsey,1371,2018
E2833,,East Northamptonshire,172,2018
E2001,,East Riding of Yorkshire UA,1809,2018
E3432,,East Staffordshire,238,2018
E1432,,Eastbourne,953,2018
E1733,,Eastleigh,177,2018
E0935,,Eden,1357,2018
E3631,,Elmbridge,307,2018
E5037,,Enfield,1065,2018
E1537,,Epping Forest,412,2018
E3632,,Epsom and Ewell,11,2018
E1036,,Erewash,109,2018
E1132,,Exeter,581,2018
E1734,,Fareham,316,2018
E0533,,Fenland,126,2018
E2240,,Folkestone-Hythe,1072,2018
E3532,,Forest Heath,213,2018
E1633,,Forest of Dean,295,2018
E2335,,Fylde,539,2018
E4501,,Gateshead,435,2018
E3034,,Gedling,146,2018
E1634,,Gloucester,120,2018
E1735,,Gosport,242,2018
E2236,,Gravesham,66,2018
E2633,,Great Yarmouth,2295,2018
E5012,,Greenwich,291,2018
E3633,,Guildford,368,2018
E5013,,Hackney,734,2018
E0601,,Halton UA,89,2018
E2732,,Hambleton,509,2018
E5014,,Hammersmith & Fulham,2110,2018
E2433,,Harborough,176,2018
E5038,,Haringey,0,2018
E1538,,Harlow,75,2018
E2753,,Harrogate,742,2018
E5039,,Harrow,531,2018
E1736,,Hart,92,2018
E0701,,Hartlepool UA,162,2018
E1433,,Hastings,825,2018
E1737,,Havant,300,2018
E5040,,Havering,176,2018
E1801,,Herefordshire UA,548,2018
E1934,,Hertsmere,248,2018
E1037,,High Peak,312,2018
E5041,,Hillingdon,1372,2018
E2434,,Hinckley & Bosworth,131,2018
E3835,,Horsham,354,2018
E5042,,Hounslow,169,2018
E0551,,Huntingdonshire,334,2018
E2336,,Hyndburn,70,2018
E3533,,Ipswich,505,2018
E2101,,Isle of Wight UA,3426,2018
E4001,,Isles of Scilly,88,2018
E5015,,Islington,301,2018
E5016,,Kensington & Chelsea,8854,2018
E2834,,Kettering,116,2018
E2634,,Kings Lynn & West Norfolk,3381,2018
E2002,,Kingston upon Hull UA,249,2018
E5043,,Kingston upon Thames,551,2018
E4703,,Kirklees,904,2018
E4301,,Knowsley,39,2018
E5017,,Lambeth,396,2018
E2337,,Lancaster,657,2018
E4704,,Leeds,2157,2018
E2401,,Leicester UA,1570,2018
E1435,,Lewes,303,2018
E5018,,Lewisham,272,2018
E3433,,Lichfield,102,2018
E2533,,Lincoln,475,2018
E4302,,Liverpool,169,2018
E0201,,Luton UA,145,2018
E2237,,Maidstone,169,2018
E1539,,Maldon,265,2018
E1851,,Malvern Hills,373,2018
E4203,,Manchester,6013,2018
E3035,,Mansfield,79,2018
E2201,,Medway UA,344,2018
E2436,,Melton,45,2018
E3331,,Mendip,388,2018
E5044,,Merton,1735,2018
E1133,,Mid Devon,238,2018
E3534,,Mid Suffolk,484,2018
E3836,,Mid Sussex,259,2018
E0702,,Middlesbrough UA,22,2018
E0401,,Milton Keynes UA,874,2018
E3634,,Mole Valley,240,2018
E1738,,New Forest,1753,2018
E3036,,Newark & Sherwood,201,2018
E4502,,Newcastle upon Tyne,2562,2018
E3434,,Newcastle-under-Lyme,515,2018
E5045,,Newham,275,2018
E1134,,North Devon,1718,2018
E1234,,North Dorset,446,2018
E1038,,North East Derbyshire,190,2018
E2003,,North East Lincolnshire UA,323,2018
E1935,,North Hertfordshire,288,2018
E2534,,North Kesteven,198,2018
E2004,,North Lincolnshire UA,351,2018
E2635,,North Norfolk,5435,2018
E0104,,North Somerset UA,510,2018
E4503,,North Tyneside,286,2018
E3731,,North Warwickshire,55,2018
E2437,,North West Leicestershire,165,2018
E2835,,Northampton,181,2018
E2901,,Northumberland UA,3555,2018
E2636,,Norwich,617,2018
E3001,,Nottingham UA,355,2018
E3732,,Nuneaton & Bedworth,46,2018
E2438,,Oadby & Wigston,47,2018
E4204,,Oldham,248,2018
E3132,,Oxford,800,2018
E2338,,Pendle,172,2018
E0501,,Peterborough UA,117,2018
E1101,,Plymouth UA,781,2018
E1201,,Poole UA,1554,2018
E1701,,Portsmouth UA,1152,2018
E2339,,Preston,399,2018
E1236,,Purbeck,1628,2018
E0303,,Reading UA,1246,2018
E5046,,Redbridge,777,2018
E0703,,Redcar & Cleveland UA,240,2018
E1835,,Redditch,89,2018
E3635,,Reigate & Banstead,300,2018
E2340,,Ribble Valley,225,2018
E5047,,Richmond upon Thames,431,2018
E2734,,Richmondshire,981,2018
E4205,,Rochdale,287,2018
E1540,,Rochford,88,2018
E2341,,Rossendale,155,2018
E1436,,Rother,1196,2018
E4403,,Rotherham,424,2018
E3733,,Rugby,160,2018
E3636,,Runnymede,144,2018
E3038,,Rushcliffe,209,2018
E1740,,Rushmoor,244,2018
E2402,,Rutland UA,166,2018
E2755,,Ryedale,787,2018
E4206,,Salford,1274,2018
E4604,,Sandwell,8,2018
E2736,,Scarborough,4056,2018
E3332,,Sedgemoor,660,2018
E4304,,Sefton,373,2018
E2757,,Selby,153,2018
E2239,,Sevenoaks,332,2018
E4404,,Sheffield,1017,2018
E3202,,Shropshire UA,1644,2018
E0304,,Slough UA,344,2018
E4605,,Solihull,118,2018
E0434,,South Bucks,142,2018
E0536,,South Cambridgeshire,280,2018
E1039,,South Derbyshire,185,2018
E0103,,South Gloucestershire UA,103,2018
E1136,,South Hams,3835,2018
E2535,,South Holland,183,2018
E2536,,South Kesteven,308,2018
E0936,,South Lakeland,3845,2018
E2637,,South Norfolk,742,2018
E2836,,South Northamptonshire,216,2018
E3133,,South Oxfordshire,290,2018
E2342,,South Ribble,80,2018
E3334,,South Somerset,805,2018
E3435,,South Staffordshire,121,2018
E4504,,South Tyneside,529,2018
E1702,,Southampton UA,1431,2018
E1501,,Southend-on-Sea UA,352,2018
E5019,,Southwark,497,2018
E3637,,Spelthorne,121,2018
E1936,,St Albans,113,2018
E3535,,St Edmundsbury,276,2018
E4303,,St Helens,597,2018
E3436,,Stafford,320,2018
E3437,,Staffordshire Moorlands,183,2018
E1937,,Stevenage,83,2018
E4207,,Stockport,600,2018
E0704,,Stockton-on-Tees UA,410,2018
E3401,,Stoke-on-Trent UA,351,2018
E3734,,Stratford-on-Avon,654,2018
E1635,,Stroud,513,2018
E3536,,Suffolk Coastal,2795,2018
E4505,,Sunderland,772,2018
E3638,,Surrey Heath,221,2018
E5048,,Sutton,115,2018
E2241,,Swale,1539,2018
E3901,,Swindon UA,213,2018
E4208,,Tameside,136,2018
E3439,,Tamworth,14,2018
E3639,,Tandridge,245,2018
E3333,,Taunton Deane,334,2018
E1137,,Teignbridge,1385,2018
E3201,,Telford & Wrekin UA,261,2018
E1542,,Tendring,1663,2018
E1742,,Test Valley,175,2018
E1636,,Tewkesbury,218,2018
E2242,,Thanet,1717,2018
E1938,,Three Rivers,52,2018
E1502,,Thurrock UA,222,2018
E2243,,Tonbridge & Malling,244,2018
E1102,,Torbay UA,1530,2018
E1139,,Torridge,985,2018
E5020,,Tower Hamlets,6160,2018
E4209,,Trafford,760,2018
E2244,,Tunbridge Wells,273,2018
E1544,,Uttlesford,193,2018
E3134,,Vale of White Horse,197,2018
E4705,,Wakefield,664,2018
E4606,,Walsall,171,2018
E5049,,Waltham Forest,650,2018
E5021,,Wandsworth,698,2018
E0602,,Warrington UA,502,2018
E3735,,Warwick,1019,2018
E1939,,Watford,44,2018
E3537,,Waveney,1424,2018
E3640,,Waverley,394,2018
E1437,,Wealden,785,2018
E2837,,Wellingborough,45,2018
E1940,,Welwyn Hatfield,621,2018
E0302,,West Berkshire UA,291,2018
E1140,,West Devon,545,2018
E1237,,West Dorset,2591,2018
E2343,,West Lancashire,94,2018
E2537,,West Lindsey,238,2018
E3135,,West Oxfordshire,977,2018
E3335,,West Somerset,1000,2018
E5022,,Westminster,3194,2018
E1238,,Weymouth & Portland,1023,2018
E4210,,Wigan,405,2018
E3902,,Wiltshire UA,1547,2018
E1743,,Winchester,484,2018
E0305,,Windsor & Maidenhead UA,839,2018
E4305,,Wirral,604,2018
E3641,,Woking,222,2018
E0306,,Wokingham UA,407,2018
E4607,,Wolverhampton,412,2018
E1837,,Worcester,244,2018
E3837,,Worthing,496,2018
E1838,,Wychavon,430,2018
E0435,,Wycombe,348,2018
E2344,,Wyre,200,2018
E1839,,Wyre Forest,392,2018
E3831,,Adur,159,2017
E0931,,Allerdale,1328,2017
E1031,,Amber Valley,275,2017
E3832,,Arun,1534,2017
E3031,,Ashfield,176,2017
E2231,,Ashford,559,2017
E0431,,Aylesbury Vale,84,2017
E3531,,Babergh,488,2017
E5030,,Barking & Dagenham,84,2017
E5031,,Barnet,3715,2017
E4401,,Barnsley,59,2017
E0932,,Barrow-in-Furness,230,2017
E1531,,Basildon,274,2017
E1731,,Basingstoke & Deane,296,2017
E3032,,Bassetlaw,177,2017
E0101,,Bath & North East Somerset,778,2017
E0202,,Bedford UA,289,2017
E5032,,Bexley,46,2017
E4601,,Birmingham,1495,2017
E2431,,Blaby,118,2017
E2301,,Blackburn with Darwen UA,171,2017
E2302,,Blackpool UA,598,2017
E1032,,Bolsover,132,2017
E4201,,Bolton,585,2017
E2531,,Boston,69,2017
E1202,,Bournemouth UA,3079,2017
E0301,,Bracknell Forest UA,101,2017
E4701,,Bradford,2018,2017
E1532,,Braintree,167,2017
E2631,,Breckland,425,2017
E5033,,Brent,267,2017
E1533,,Brentwood,178,2017
E1401,,Brighton and Hove,1699,2017
E0102,,Bristol,2113,2017
E2632,,Broadland,398,2017
E5034,,Bromley,915,2017
E1831,,Bromsgrove,104,2017
E1931,,Broxbourne,55,2017
E3033,,Broxtowe,229,2017
E2333,,Burnley,182,2017
E4202,,Bury,285,2017
E4702,,Calderdale,501,2017
E0531,,Cambridge,1888,2017
E5011,,Camden,7389,2017
E3431,,Cannock Chase,81,2017
E2232,,Canterbury,1335,2017
E0933,,Carlisle,621,2017
E1534,,Castle Point,104,2017
E0203,,Central Bedfordshire UA,254,2017
E2432,,Charnwood,510,2017
E1535,,Chelmsford,286,2017
E1631,,Cheltenham,915,2017
E3131,,Cherwell,452,2017
E0603,,Cheshire East UA,1308,2017
E0604,,Cheshire West and Chester UA,877,2017
E1033,,Chesterfield,159,2017
E3833,,Chichester,3403,2017
E0432,,Chiltern,211,2017
E2334,,Chorley,137,2017
E1232,,Christchurch,768,2017
E5010,,City of London,1867,2017
E1536,,Colchester,370,2017
E0934,,Copeland,951,2017
E2831,,Corby,14,2017
E0801,,Cornwall UA,13767,2017
E1632,,Cotswold,1623,2017
E4602,,Coventry,1348,2017
E2731,,Craven,777,2017
E3834,,Crawley,339,2017
E5035,,Croydon,471,2017
E1932,,Dacorum,307,2017
E1301,,Darlington UA,241,2017
E2233,,Dartford,148,2017
E2832,,Daventry,158,2017
E1001,,Derby UA,123,2017
E1035,,Derbyshire Dales,994,2017
E4402,,Doncaster,492,2017
E2234,,Dover,1223,2017
E4603,,Dudley,328,2017
E1302,,Durham UA,1678,2017
E5036,,Ealing,250,2017
E0532,,East Cambridgeshire,164,2017
E1131,,East Devon,2603,2017
E1233,,East Dorset,258,2017
E1732,,East Hampshire,335,2017
E1933,,East Hertfordshire,190,2017
E2532,,East Lindsey,1454,2017
E2833,,East Northamptonshire,176,2017
E2001,,East Riding of Yorkshire UA,1834,2017
E3432,,East Staffordshire,228,2017
E1432,,Eastbourne,953,2017
E1733,,Eastleigh,181,2017
E0935,,Eden,1380,2017
E3631,,Elmbridge,316,2017
E5037,,Enfield,1291,2017
E1537,,Epping Forest,383,2017
E3632,,Epsom and Ewell,7,2017
E1036,,Erewash,97,2017
E1132,,Exeter,530,2017
E1734,,Fareham,303,2017
E0533,,Fenland,111,2017
E3532,,Forest Heath,210,2017
E1633,,Forest of Dean,267,2017
E2335,,Fylde,574,2017
E4501,,Gateshead,408,2017
E3034,,Gedling,142,2017
E1634,,Gloucester,124,2017
E1735,,Gosport,251,2017
E2236,,Gravesham,85,2017
E2633,,Great Yarmouth,2351,2017
E5012,,Greenwich,427,2017
E3633,,Guildford,348,2017
E5013,,Hackney,809,2017
E0601,,Halton UA,90,2017
E2732,,Hambleton,464,2017
E5014,,Hammersmith & Fulham,2448,2017
E2433,,Harborough,208,2017
E5038,,Haringey,0,2017
E1538,,Harlow,70,2017
E2753,,Harrogate,708,2017
E5039,,Harrow,769,2017
E1736,,Hart,102,2017
E0701,,Hartlepool UA,248,2017
E1433,,Hastings,841,2017
E1737,,Havant,318,2017
E5040,,Havering,171,2017
E1801,,Herefordshire UA,603,2017
E1934,,Hertsmere,249,2017
E1037,,High Peak,290,2017
E5041,,Hillingdon,1168,2017
E2434,,Hinckley & Bosworth,139,2017
E3835,,Horsham,373,2017
E5042,,Hounslow,209,2017
E0551,,Huntingdonshire,293,2017
E2336,,Hyndburn,78,2017
E3533,,Ipswich,474,2017
E2101,,Isle of Wight UA,3615,2017
E4001,,Isles of Scilly,187,2017
E5015,,Islington,300,2017
E5016,,Kensington & Chelsea,8989,2017
E2834,,Kettering,104,2017
E2634,,Kings Lynn & West Norfolk,3313,2017
E2002,,Kingston upon Hull UA,278,2017
E5043,,Kingston upon Thames,915,2017
E4703,,Kirklees,871,2017
E4301,,Knowsley,41,2017
E5017,,Lambeth,479,2017
E2337,,Lancaster,668,2017
E4704,,Leeds,2197,2017
E2401,,Leicester UA,1059,2017
E1435,,Lewes,307,2017
E5018,,Lewisham,278,2017
E3433,,Lichfield,88,2017
E2533,,Lincoln,480,2017
E4302,,Liverpool,174,2017
E0201,,Luton UA,156,2017
E2237,,Maidstone,172,2017
E1539,,Maldon,278,2017
E1851,,Malvern Hills,346,2017
E4203,,Manchester,5191,2017
E3035,,Mansfield,77,2017
E2201,,Medway UA,360,2017
E2436,,Melton,48,2017
E3331,,Mendip,403,2017
E5044,,Merton,1645,2017
E1133,,Mid Devon,249,2017
E3534,,Mid Suffolk,445,2017
E3836,,Mid Sussex,262,2017
E0702,,Middlesbrough UA,20,2017
E0401,,Milton Keynes UA,859,2017
E3634,,Mole Valley,268,2017
E1738,,New Forest,1657,2017
E3036,,Newark & Sherwood,194,2017
E4502,,Newcastle upon Tyne,2426,2017
E3434,,Newcastle-under-Lyme,381,2017
E5045,,Newham,323,2017
E1134,,North Devon,1721,2017
E1234,,North Dorset,429,2017
E1038,,North East Derbyshire,176,2017
E2003,,North East Lincolnshire UA,323,2017
E1935,,North Hertfordshire,291,2017
E2534,,North Kesteven,197,2017
E2004,,North Lincolnshire UA,386,2017
E2635,,North Norfolk,5359,2017
E0104,,North Somerset UA,506,2017
E4503,,North Tyneside,350,2017
E3731,,North Warwickshire,65,2017
E2437,,North West Leicestershire,154,2017
E2835,,Northampton,173,2017
E2901,,Northumberland UA,3548,2017
E2636,,Norwich,545,2017
E3001,,Nottingham UA,354,2017
E3732,,Nuneaton & Bedworth,47,2017
E2438,,Oadby & Wigston,49,2017
E4204,,Oldham,251,2017
E3132,,Oxford,1004,2017
E2338,,Pendle,176,2017
E0501,,Peterborough UA,122,2017
E1101,,Plymouth UA,700,2017
E1201,,Poole UA,1583,2017
E1701,,Portsmouth UA,978,2017
E2339,,Preston,302,2017
E1236,,Purbeck,1631,2017
E0303,,Reading UA,1247,2017
E5046,,Redbridge,868,2017
E0703,,Redcar & Cleveland UA,212,2017
E1835,,Redditch,69,2017
E3635,,Reigate & Banstead,323,2017
E2340,,Ribble Valley,222,2017
E5047,,Richmond upon Thames,497,2017
E2734,,Richmondshire,1014,2017
E4205,,Rochdale,287,2017
E1540,,Rochford,86,2017
E2341,,Rossendale,154,2017
E1436,,Rother,1268,2017
E4403,,Rotherham,487,2017
E3733,,Rugby,171,2017
E3636,,Runnymede,156,2017
E3038,,Rushcliffe,187,2017
E1740,,Rushmoor,215,2017
E2402,,Rutland UA,161,2017
E2755,,Ryedale,805,2017
E4206,,Salford,1273,2017
E4604,,Sandwell,10,2017
E2736,,Scarborough,4059,2017
E3332,,Sedgemoor,552,2017
E4304,,Sefton,361,2017
E2757,,Selby,143,2017
E2239,,Sevenoaks,305,2017
E4404,,Sheffield,1011,2017
E2240,,Shepway,1072,2017
E3202,,Shropshire UA,1483,2017
E0304,,Slough UA,317,2017
E4605,,Solihull,100,2017
E0434,,South Bucks,155,2017
E0536,,South Cambridgeshire,333,2017
E1039,,South Derbyshire,195,2017
E0103,,South Gloucestershire UA,183,2017
E1136,,South Hams,3896,2017
E2535,,South Holland,164,2017
E2536,,South Kesteven,290,2017
E0936,,South Lakeland,3961,2017
E2637,,South Norfolk,699,2017
E2836,,South Northamptonshire,185,2017
E3133,,South Oxfordshire,301,2017
E2342,,South Ribble,92,2017
E3334,,South Somerset,832,2017
E3435,,South Staffordshire,133,2017
E4504,,South Tyneside,311,2017
E1702,,Southampton UA,844,2017
E1501,,Southend-on-Sea UA,325,2017
E5019,,Southwark,499,2017
E3637,,Spelthorne,119,2017
E1936,,St Albans,203,2017
E3535,,St Edmundsbury,252,2017
E4303,,St Helens,595,2017
E3436,,Stafford,286,2017
E3437,,Staffordshire Moorlands,179,2017
E1937,,Stevenage,95,2017
E4207,,Stockport,694,2017
E0704,,Stockton-on-Tees UA,476,2017
E3401,,Stoke-on-Trent UA,468,2017
E3734,,Stratford-on-Avon,623,2017
E1635,,Stroud,517,2017
E3536,,Suffolk Coastal,2765,2017
E4505,,Sunderland,718,2017
E3638,,Surrey Heath,207,2017
E5048,,Sutton,108,2017
E2241,,Swale,1662,2017
E3901,,Swindon UA,224,2017
E4208,,Tameside,127,2017
E3439,,Tamworth,13,2017
E3639,,Tandridge,232,2017
E3333,,Taunton Deane,341,2017
E1137,,Teignbridge,1333,2017
E3201,,Telford & Wrekin UA,233,2017
E1542,,Tendring,1719,2017
E1742,,Test Valley,185,2017
E1636,,Tewkesbury,254,2017
E2242,,Thanet,1593,2017
E1938,,Three Rivers,51,2017
E1502,,Thurrock UA,251,2017
E2243,,Tonbridge & Malling,252,2017
E1102,,Torbay UA,1541,2017
E1139,,Torridge,985,2017
E5020,,Tower Hamlets,5971,2017
E4209,,Trafford,678,2017
E2244,,Tunbridge Wells,281,2017
E1544,,Uttlesford,217,2017
E3134,,Vale of White Horse,216,2017
E4705,,Wakefield,644,2017
E4606,,Walsall,176,2017
E5049,,Waltham Forest,668,2017
E5021,,Wandsworth,744,2017
E0602,,Warrington UA,468,2017
E3735,,Warwick,571,2017
E1939,,Watford,47,2017
E3537,,Waveney,1403,2017
E3640,,Waverley,375,2017
E1437,,Wealden,804,2017
E2837,,Wellingborough,45,2017
E1940,,Welwyn Hatfield,510,2017
E0302,,West Berkshire UA,320,2017
E1140,,West Devon,525,2017
E1237,,West Dorset,2568,2017
E2343,,West Lancashire,98,2017
E2537,,West Lindsey,245,2017
E3135,,West Oxfordshire,945,2017
E3335,,West Somerset,980,2017
E5022,,Westminster,3855,2017
E1238,,Weymouth & Portland,969,2017
E4210,,Wigan,406,2017
E3902,,Wiltshire UA,1506,2017
E1743,,Winchester,441,2017
E0305,,Windsor & Maidenhead UA,884,2017
E4305,,Wirral,639,2017
E3641,,Woking,248,2017
E0306,,Wokingham UA,414,2017
E4607,,Wolverhampton,500,2017
E1837,,Worcester,217,2017
E3837,,Worthing,487,2017
E1838,,Wychavon,405,2017
E0435,,Wycombe,258,2017
E2344,,Wyre,230,2017
E1839,,Wyre Forest,381,2017
E3831,,Adur,173,2016
E0931,,Allerdale,1266,2016
E1031,,Amber Valley,296,2016
E3832,,Arun,1566,2016
E3031,,Ashfield,182,2016
E2231,,Ashford,556,2016
E0431,,Aylesbury Vale,98,2016
E3531,,Babergh,496,2016
E5030,,Barking & Dagenham,98,2016
E5031,,Barnet,3502,2016
E4401,,Barnsley,64,2016
E0932,,Barrow-in-Furness,278,2016
E1531,,Basildon,242,2016
E1731,,Basingstoke & Deane,162,2016
E3032,,Bassetlaw,169,2016
E0101,,Bath & North East Somerset,729,2016
E0202,,Bedford UA,307,2016
E5032,,Bexley,33,2016
E4601,,Birmingham,1782,2016
E2431,,Blaby,93,2016
E2301,,Blackburn with Darwen UA,149,2016
E2302,,Blackpool UA,653,2016
E1032,,Bolsover,113,2016
E4201,,Bolton,644,2016
E2531,,Boston,78,2016
E1202,,Bournemouth UA,3273,2016
E0301,,Bracknell Forest UA,131,2016
E4701,,Bradford,1809,2016
E1532,,Braintree,164,2016
E2631,,Breckland,398,2016
E5033,,Brent,285,2016
E1533,,Brentwood,170,2016
E1401,,Brighton and Hove,1678,2016
E0102,,Bristol,2192,2016
E2632,,Broadland,420,2016
E5034,,Bromley,820,2016
E1831,,Bromsgrove,115,2016
E1931,,Broxbourne,92,2016
E3033,,Broxtowe,229,2016
E2333,,Burnley,169,2016
E4202,,Bury,355,2016
E4702,,Calderdale,474,2016
E0531,,Cambridge,1548,2016
E5011,,Camden,6344,2016
E3431,,Cannock Chase,77,2016
E2232,,Canterbury,1150,2016
E0933,,Carlisle,563,2016
E1534,,Castle Point,114,2016
E0203,,Central Bedfordshire UA,241,2016
E2432,,Charnwood,432,2016
E1535,,Chelmsford,280,2016
E1631,,Cheltenham,840,2016
E3131,,Cherwell,482,2016
E0603,,Cheshire East UA,1183,2016
E0604,,Cheshire West and Chester UA,954,2016
E1033,,Chesterfield,168,2016
E3833,,Chichester,3223,2016
E0432,,Chiltern,215,2016
E2334,,Chorley,123,2016
E1232,,Christchurch,751,2016
E5010,,City of London,1976,2016
E1536,,Colchester,409,2016
E0934,,Copeland,924,2016
E2831,,Corby,15,2016
E0801,,Cornwall UA,13753,2016
E1632,,Cotswold,1564,2016
E4602,,Coventry,1165,2016
E2731,,Craven,724,2016
E3834,,Crawley,295,2016
E5035,,Croydon,455,2016
E1932,,Dacorum,309,2016
E1301,,Darlington UA,254,2016
E2233,,Dartford,136,2016
E2832,,Daventry,166,2016
E1001,,Derby UA,123,2016
E1035,,Derbyshire Dales,974,2016
E4402,,Doncaster,532,2016
E2234,,Dover,1122,2016
E4603,,Dudley,323,2016
E1302,,Durham UA,1619,2016
E5036,,Ealing,256,2016
E0532,,East Cambridgeshire,153,2016
E1131,,East Devon,2557,2016
E1233,,East Dorset,262,2016
E1732,,East Hampshire,353,2016
E1933,,East Hertfordshire,185,2016
E2532,,East Lindsey,1473,2016
E2833,,East Northamptonshire,187,2016
E2001,,East Riding of Yorkshire UA,1806,2016
E3432,,East Staffordshire,203,2016
E1432,,Eastbourne,966,2016
E1733,,Eastleigh,207,2016
E0935,,Eden,1376,2016
E3631,,Elmbridge,352,2016
E5037,,Enfield,1200,2016
E1537,,Epping Forest,359,2016
E3632,,Epsom and Ewell,4,2016
E1036,,Erewash,90,2016
E1132,,Exeter,503,2016
E1734,,Fareham,276,2016
E0533,,Fenland,87,2016
E3532,,Forest Heath,213,2016
E1633,,Forest of Dean,290,2016
E2335,,Fylde,604,2016
E4501,,Gateshead,452,2016
E3034,,Gedling,166,2016
E1634,,Gloucester,125,2016
E1735,,Gosport,232,2016
E2236,,Gravesham,77,2016
E2633,,Great Yarmouth,2417,2016
E5012,,Greenwich,431,2016
E3633,,Guildford,331,2016
E5013,,Hackney,1063,2016
E0601,,Halton UA,56,2016
E2732,,Hambleton,413,2016
E5014,,Hammersmith & Fulham,2246,2016
E2433,,Harborough,189,2016
E5038,,Haringey,0,2016
E1538,,Harlow,60,2016
E2753,,Harrogate,694,2016
E5039,,Harrow,460,2016
E1736,,Hart,113,2016
E0701,,Hartlepool UA,367,2016
E1433,,Hastings,754,2016
E1737,,Havant,332,2016
E5040,,Havering,176,2016
E1801,,Herefordshire UA,645,2016
E1934,,Hertsmere,240,2016
E1037,,High Peak,323,2016
E5041,,Hillingdon,967,2016
E2434,,Hinckley & Bosworth,141,2016
E3835,,Horsham,387,2016
E5042,,Hounslow,294,2016
E0551,,Huntingdonshire,324,2016
E2336,,Hyndburn,72,2016
E3533,,Ipswich,452,2016
E2101,,Isle of Wight UA,3690,2016
E4001,,Isles of Scilly,187,2016
E5015,,Islington,296,2016
E5016,,Kensington & Chelsea,8898,2016
E2834,,Kettering,98,2016
E2634,,Kings Lynn & West Norfolk,3298,2016
E2002,,Kingston upon Hull UA,283,2016
E5043,,Kingston upon Thames,703,2016
E4703,,Kirklees,905,2016
E4301,,Knowsley,45,2016
E5017,,Lambeth,458,2016
E2337,,Lancaster,718,2016
E4704,,Leeds,1954,2016
E2401,,Leicester UA,1001,2016
E1435,,Lewes,332,2016
E5018,,Lewisham,321,2016
E3433,,Lichfield,70,2016
E2533,,Lincoln,480,2016
E4302,,Liverpool,180,2016
E0201,,Luton UA,178,2016
E2237,,Maidstone,167,2016
E1539,,Maldon,294,2016
E1851,,Malvern Hills,350,2016
E4203,,Manchester,5350,2016
E3035,,Mansfield,67,2016
E2201,,Medway UA,333,2016
E2436,,Melton,55,2016
E3331,,Mendip,399,2016
E5044,,Merton,1603,2016
E1133,,Mid Devon,270,2016
E3534,,Mid Suffolk,475,2016
E3836,,Mid Sussex,254,2016
E0702,,Middlesbrough UA,20,2016
E0401,,Milton Keynes UA,830,2016
E3634,,Mole Valley,275,2016
E1738,,New Forest,1718,2016
E3036,,Newark & Sherwood,171,2016
E4502,,Newcastle upon Tyne,4391,2016
E3434,,Newcastle-under-Lyme,288,2016
E5045,,Newham,333,2016
E1134,,North Devon,1708,2016
E1234,,North Dorset,437,2016
E1038,,North East Derbyshire,161,2016
E2003,,North East Lincolnshire UA,332,2016
E1935,,North Hertfordshire,307,2016
E2534,,North Kesteven,226,2016
E2004,,North Lincolnshire UA,445,2016
E2635,,North Norfolk,5210,2016
E0104,,North Somerset UA,499,2016
E4503,,North Tyneside,438,2016
E3731,,North Warwickshire,59,2016
E2437,,North West Leicestershire,139,2016
E2835,,Northampton,198,2016
E2901,,Northumberland UA,3387,2016
E2636,,Norwich,502,2016
E3001,,Nottingham UA,372,2016
E3732,,Nuneaton & Bedworth,48,2016
E2438,,Oadby & Wigston,61,2016
E4204,,Oldham,216,2016
E3132,,Oxford,1051,2016
E2338,,Pendle,160,2016
E0501,,Peterborough UA,162,2016
E1101,,Plymouth UA,687,2016
E1201,,Poole UA,1559,2016
E1701,,Portsmouth UA,966,2016
E2339,,Preston,345,2016
E1236,,Purbeck,1646,2016
E0303,,Reading UA,1197,2016
E5046,,Redbridge,816,2016
E0703,,Redcar & Cleveland UA,185,2016
E1835,,Redditch,70,2016
E3635,,Reigate & Banstead,308,2016
E2340,,Ribble Valley,217,2016
E5047,,Richmond upon Thames,521,2016
E2734,,Richmondshire,1008,2016
E4205,,Rochdale,458,2016
E1540,,Rochford,76,2016
E2341,,Rossendale,158,2016
E1436,,Rother,1334,2016
E4403,,Rotherham,426,2016
E3733,,Rugby,176,2016
E3636,,Runnymede,168,2016
E3038,,Rushcliffe,205,2016
E1740,,Rushmoor,188,2016
E2402,,Rutland UA,161,2016
E2755,,Ryedale,818,2016
E4206,,Salford,876,2016
E4604,,Sandwell,13,2016
E2736,,Scarborough,4054,2016
E3332,,Sedgemoor,514,2016
E4304,,Sefton,378,2016
E2757,,Selby,157,2016
E2239,,Sevenoaks,283,2016
E4404,,Sheffield,980,2016
E2240,,Shepway,1163,2016
E3202,,Shropshire UA,1481,2016
E0304,,Slough UA,335,2016
E4605,,Solihull,96,2016
E0434,,South Bucks,167,2016
E0536,,South Cambridgeshire,325,2016
E1039,,South Derbyshire,191,2016
E0103,,South Gloucestershire UA,125,2016
E1136,,South Hams,3973,2016
E2535,,South Holland,155,2016
E2536,,South Kesteven,281,2016
E0936,,South Lakeland,3877,2016
E2637,,South Norfolk,614,2016
E2836,,South Northamptonshire,188,2016
E3133,,South Oxfordshire,320,2016
E2342,,South Ribble,107,2016
E3334,,South Somerset,856,2016
E3435,,South Staffordshire,121,2016
E4504,,South Tyneside,321,2016
E1702,,Southampton UA,716,2016
E1501,,Southend-on-Sea UA,279,2016
E5019,,Southwark,514,2016
E3637,,Spelthorne,106,2016
E1936,,St Albans,247,2016
E3535,,St Edmundsbury,258,2016
E4303,,St Helens,610,2016
E3436,,Stafford,261,2016
E3437,,Staffordshire Moorlands,174,2016
E1937,,Stevenage,87,2016
E4207,,Stockport,714,2016
E0704,,Stockton-on-Tees UA,443,2016
E3401,,Stoke-on-Trent UA,454,2016
E3734,,Stratford-on-Avon,641,2016
E1635,,Stroud,504,2016
E3536,,Suffolk Coastal,2758,2016
E4505,,Sunderland,660,2016
E3638,,Surrey Heath,203,2016
E5048,,Sutton,93,2016
E2241,,Swale,1658,2016
E3901,,Swindon UA,201,2016
E4208,,Tameside,133,2016
E3439,,Tamworth,13,2016
E3639,,Tandridge,196,2016
E3333,,Taunton Deane,329,2016
E1137,,Teignbridge,1348,2016
E3201,,Telford & Wrekin UA,211,2016
E1542,,Tendring,1753,2016
E1742,,Test Valley,195,2016
E1636,,Tewkesbury,230,2016
E2242,,Thanet,1414,2016
E1938,,Three Rivers,45,2016
E1502,,Thurrock UA,283,2016
E2243,,Tonbridge & Malling,212,2016
E1102,,Torbay UA,1595,2016
E1139,,Torridge,969,2016
E5020,,Tower Hamlets,5444,2016
E4209,,Trafford,619,2016
E2244,,Tunbridge Wells,311,2016
E1544,,Uttlesford,204,2016
E3134,,Vale of White Horse,231,2016
E4705,,Wakefield,622,2016
E4606,,Walsall,168,2016
E5049,,Waltham Forest,576,2016
E5021,,Wandsworth,880,2016
E0602,,Warrington UA,444,2016
E3735,,Warwick,647,2016
E1939,,Watford,52,2016
E3537,,Waveney,1416,2016
E3640,,Waverley,358,2016
E1437,,Wealden,793,2016
E2837,,Wellingborough,45,2016
E1940,,Welwyn Hatfield,471,2016
E0302,,West Berkshire UA,350,2016
E1140,,West Devon,534,2016
E1237,,West Dorset,2607,2016
E2343,,West Lancashire,94,2016
E2537,,West Lindsey,255,2016
E3135,,West Oxfordshire,870,2016
E3335,,West Somerset,1014,2016
E5022,,Westminster,4163,2016
E1238,,Weymouth & Portland,987,2016
E4210,,Wigan,388,2016
E3902,,Wiltshire UA,1583,2016
E1743,,Winchester,443,2016
E0305,,Windsor & Maidenhead UA,851,2016
E4305,,Wirral,655,2016
E3641,,Woking,235,2016
E0306,,Wokingham UA,403,2016
E4607,,Wolverhampton,319,2016
E1837,,Worcester,230,2016
E3837,,Worthing,518,2016
E1838,,Wychavon,403,2016
E0435,,Wycombe,218,2016
E2344,,Wyre,253,2016
E1839,,Wyre Forest,399,2016
E3831,,Adur,178,2015
E0931,,Allerdale,1258,2015
E1031,,Amber Valley,288,2015
E3832,,Arun,1561,2015
E3031,,Ashfield,134,2015
E2231,,Ashford,507,2015
E0431,,Aylesbury Vale,90,2015
E3531,,Babergh,466,2015
E5030,,Barking & Dagenham,114,2015
E5031,,Barnet,2752,2015
E4401,,Barnsley,68,2015
E0932,,Barrow-in-Furness,279,2015
E1531,,Basildon,255,2015
E1731,,Basingstoke & Deane,173,2015
E3032,,Bassetlaw,157,2015
E0101,,Bath & North East Somerset,709,2015
E0202,,Bedford UA,309,2015
E5032,,Bexley,36,2015
E4601,,Birmingham,2178,2015
E2431,,Blaby,84,2015
E2301,,Blackburn with Darwen UA,168,2015
E2302,,Blackpool UA,552,2015
E1032,,Bolsover,108,2015
E4201,,Bolton,636,2015
E2531,,Boston,87,2015
E1202,,Bournemouth UA,3166,2015
E0301,,Bracknell Forest UA,123,2015
E4701,,Bradford,1514,2015
E1532,,Braintree,184,2015
E2631,,Breckland,398,2015
E5033,,Brent,300,2015
E1533,,Brentwood,166,2015
E1401,,Brighton and Hove,1687,2015
E0102,,Bristol,1993,2015
E2632,,Broadland,420,2015
E5034,,Bromley,546,2015
E1831,,Bromsgrove,53,2015
E1931,,Broxbourne,82,2015
E3033,,Broxtowe,234,2015
E2333,,Burnley,154,2015
E4202,,Bury,357,2015
E4702,,Calderdale,463,2015
E0531,,Cambridge,1780,2015
E5011,,Camden,6078,2015
E3431,,Cannock Chase,79,2015
E2232,,Canterbury,1070,2015
E0933,,Carlisle,523,2015
E1534,,Castle Point,77,2015
E0203,,Central Bedfordshire UA,288,2015
E2432,,Charnwood,464,2015
E1535,,Chelmsford,260,2015
E1631,,Cheltenham,802,2015
E3131,,Cherwell,458,2015
E0603,,Cheshire East UA,1126,2015
E0604,,Cheshire West and Chester UA,927,2015
E1033,,Chesterfield,160,2015
E3833,,Chichester,3346,2015
E0432,,Chiltern,210,2015
E2334,,Chorley,139,2015
E1232,,Christchurch,769,2015
E5010,,City of London,1915,2015
E1536,,Colchester,425,2015
E0934,,Copeland,908,2015
E2831,,Corby,18,2015
E0801,,Cornwall UA,13981,2015
E1632,,Cotswold,1540,2015
E4602,,Coventry,1146,2015
E2731,,Craven,634,2015
E3834,,Crawley,321,2015
E5035,,Croydon,461,2015
E1932,,Dacorum,282,2015
E1301,,Darlington UA,206,2015
E2233,,Dartford,116,2015
E2832,,Daventry,164,2015
E1001,,Derby UA,141,2015
E1035,,Derbyshire Dales,947,2015
E4402,,Doncaster,519,2015
E2234,,Dover,1128,2015
E4603,,Dudley,367,2015
E1302,,Durham UA,1856,2015
E5036,,Ealing,263,2015
E0532,,East Cambridgeshire,148,2015
E1131,,East Devon,2505,2015
E1233,,East Dorset,265,2015
E1732,,East Hampshire,357,2015
E1933,,East Hertfordshire,181,2015
E2532,,East Lindsey,1522,2015
E2833,,East Northamptonshire,184,2015
E2001,,East Riding of Yorkshire UA,1840,2015
E3432,,East Staffordshire,204,2015
E1432,,Eastbourne,1029,2015
E1733,,Eastleigh,195,2015
E0935,,Eden,1379,2015
E3631,,Elmbridge,369,2015
E5037,,Enfield,1207,2015
E1537,,Epping Forest,363,2015
E3632,,Epsom and Ewell,10,2015
E1036,,Erewash,98,2015
E1132,,Exeter,469,2015
E1734,,Fareham,277,2015
E0533,,Fenland,69,2015
E3532,,Forest Heath,199,2015
E1633,,Forest of Dean,271,2015
E2335,,Fylde,642,2015
E4501,,Gateshead,424,2015
E3034,,Gedling,192,2015
E1634,,Gloucester,153,2015
E1735,,Gosport,225,2015
E2236,,Gravesham,84,2015
E2633,,Great Yarmouth,2388,2015
E5012,,Greenwich,461,2015
E3633,,Guildford,341,2015
E5013,,Hackney,1012,2015
E0601,,Halton UA,57,2015
E2732,,Hambleton,410,2015
E5014,,Hammersmith & Fulham,2110,2015
E2433,,Harborough,183,2015
E5038,,Haringey,0,2015
E1538,,Harlow,62,2015
E2753,,Harrogate,676,2015
E5039,,Harrow,2,2015
E1736,,Hart,120,2015
E0701,,Hartlepool UA,302,2015
E1433,,Hastings,669,2015
E1737,,Havant,422,2015
E5040,,Havering,203,2015
E1801,,Herefordshire UA,678,2015
E1934,,Hertsmere,220,2015
E1037,,High Peak,287,2015
E5041,,Hillingdon,991,2015
E2434,,Hinckley & Bosworth,118,2015
E3835,,Horsham,378,2015
E5042,,Hounslow,458,2015
E0551,,Huntingdonshire,309,2015
E2336,,Hyndburn,62,2015
E3533,,Ipswich,375,2015
E2101,,Isle of Wight UA,3705,2015
E4001,,Isles of Scilly,187,2015
E5015,,Islington,340,2015
E5016,,Kensington & Chelsea,8657,2015
E2834,,Kettering,104,2015
E2634,,Kings Lynn & West Norfolk,3362,2015
E2002,,Kingston upon Hull UA,268,2015
E5043,,Kingston upon Thames,838,2015
E4703,,Kirklees,861,2015
E4301,,Knowsley,40,2015
E5017,,Lambeth,475,2015
E2337,,Lancaster,728,2015
E4704,,Leeds,2038,2015
E2401,,Leicester UA,924,2015
E1435,,Lewes,340,2015
E5018,,Lewisham,349,2015
E3433,,Lichfield,74,2015
E2533,,Lincoln,366,2015
E4302,,Liverpool,194,2015
E0201,,Luton UA,207,2015
E2237,,Maidstone,158,2015
E1539,,Maldon,326,2015
E1851,,Malvern Hills,396,2015
E4203,,Manchester,5432,2015
E3035,,Mansfield,56,2015
E2201,,Medway UA,329,2015
E2436,,Melton,51,2015
E3331,,Mendip,389,2015
E5044,,Merton,1338,2015
E1133,,Mid Devon,272,2015
E3534,,Mid Suffolk,451,2015
E3836,,Mid Sussex,256,2015
E0702,,Middlesbrough UA,80,2015
E0401,,Milton Keynes UA,809,2015
E3634,,Mole Valley,306,2015
E1738,,New Forest,1729,2015
E3036,,Newark & Sherwood,170,2015
E4502,,Newcastle upon Tyne,4014,2015
E3434,,Newcastle-under-Lyme,394,2015
E5045,,Newham,421,2015
E1134,,North Devon,1608,2015
E1234,,North Dorset,464,2015
E1038,,North East Derbyshire,193,2015
E2003,,North East Lincolnshire UA,334,2015
E1935,,North Hertfordshire,276,2015
E2534,,North Kesteven,208,2015
E2004,,North Lincolnshire UA,518,2015
E2635,,North Norfolk,5006,2015
E0104,,North Somerset UA,616,2015
E4503,,North Tyneside,432,2015
E3731,,North Warwickshire,59,2015
E2437,,North West Leicestershire,140,2015
E2835,,Northampton,182,2015
E2901,,Northumberland UA,3341,2015
E2636,,Norwich,496,2015
E3001,,Nottingham UA,417,2015
E3732,,Nuneaton & Bedworth,49,2015
E2438,,Oadby & Wigston,59,2015
E4204,,Oldham,176,2015
E3132,,Oxford,1159,2015
E2338,,Pendle,178,2015
E0501,,Peterborough UA,153,2015
E1101,,Plymouth UA,719,2015
E1201,,Poole UA,1627,2015
E1701,,Portsmouth UA,1084,2015
E2339,,Preston,292,2015
E1236,,Purbeck,1630,2015
E0303,,Reading UA,949,2015
E5046,,Redbridge,915,2015
E0703,,Redcar & Cleveland UA,173,2015
E1835,,Redditch,29,2015
E3635,,Reigate & Banstead,269,2015
E2340,,Ribble Valley,195,2015
E5047,,Richmond upon Thames,525,2015
E2734,,Richmondshire,990,2015
E4205,,Rochdale,454,2015
E1540,,Rochford,86,2015
E2341,,Rossendale,158,2015
E1436,,Rother,1381,2015
E4403,,Rotherham,412,2015
E3733,,Rugby,173,2015
E3636,,Runnymede,178,2015
E3038,,Rushcliffe,214,2015
E1740,,Rushmoor,204,2015
E2402,,Rutland UA,166,2015
E2755,,Ryedale,812,2015
E4206,,Salford,1041,2015
E4604,,Sandwell,17,2015
E2736,,Scarborough,4058,2015
E3332,,Sedgemoor,508,2015
E4304,,Sefton,363,2015
E2757,,Selby,159,2015
E2239,,Sevenoaks,293,2015
E4404,,Sheffield,1148,2015
E2240,,Shepway,1032,2015
E3202,,Shropshire UA,1475,2015
E0304,,Slough UA,312,2015
E4605,,Solihull,116,2015
E0434,,South Bucks,158,2015
E0536,,South Cambridgeshire,325,2015
E1039,,South Derbyshire,186,2015
E0103,,South Gloucestershire UA,214,2015
E1136,,South Hams,3995,2015
E2535,,South Holland,160,2015
E2536,,South Kesteven,256,2015
E0936,,South Lakeland,3883,2015
E2637,,South Norfolk,608,2015
E2836,,South Northamptonshire,183,2015
E3133,,South Oxfordshire,341,2015
E2342,,South Ribble,95,2015
E3334,,South Somerset,826,2015
E3435,,South Staffordshire,114,2015
E4504,,South Tyneside,299,2015
E1702,,Southampton UA,769,2015
E1501,,Southend-on-Sea UA,242,2015
E5019,,Southwark,527,2015
E3637,,Spelthorne,136,2015
E1936,,St Albans,234,2015
E3535,,St Edmundsbury,254,2015
E4303,,St Helens,685,2015
E3436,,Stafford,258,2015
E3437,,Staffordshire Moorlands,177,2015
E1937,,Stevenage,75,2015
E4207,,Stockport,691,2015
E0704,,Stockton-on-Tees UA,472,2015
E3401,,Stoke-on-Trent UA,472,2015
E3734,,Stratford-on-Avon,647,2015
E1635,,Stroud,551,2015
E3536,,Suffolk Coastal,2738,2015
E4505,,Sunderland,656,2015
E3638,,Surrey Heath,202,2015
E5048,,Sutton,95,2015
E2241,,Swale,1687,2015
E3901,,Swindon UA,261,2015
E4208,,Tameside,156,2015
E3439,,Tamworth,15,2015
E3639,,Tandridge,209,2015
E3333,,Taunton Deane,341,2015
E1137,,Teignbridge,1309,2015
E3201,,Telford & Wrekin UA,184,2015
E1542,,Tendring,1828,2015
E1742,,Test Valley,228,2015
E1636,,Tewkesbury,219,2015
E2242,,Thanet,1426,2015
E1938,,Three Rivers,54,2015
E1502,,Thurrock UA,222,2015
E2243,,Tonbridge & Malling,218,2015
E1102,,Torbay UA,1607,2015
E1139,,Torridge,948,2015
E5020,,Tower Hamlets,4957,2015
E4209,,Trafford,576,2015
E2244,,Tunbridge Wells,339,2015
E1544,,Uttlesford,195,2015
E3134,,Vale of White Horse,248,2015
E4705,,Wakefield,560,2015
E4606,,Walsall,237,2015
E5049,,Waltham Forest,532,2015
E5021,,Wandsworth,990,2015
E0602,,Warrington UA,441,2015
E3735,,Warwick,610,2015
E1939,,Watford,73,2015
E3537,,Waveney,1374,2015
E3640,,Waverley,370,2015
E1437,,Wealden,806,2015
E2837,,Wellingborough,55,2015
E1940,,Welwyn Hatfield,522,2015
E0302,,West Berkshire UA,409,2015
E1140,,West Devon,523,2015
E1237,,West Dorset,2592,2015
E2343,,West Lancashire,95,2015
E2537,,West Lindsey,252,2015
E3135,,West Oxfordshire,833,2015
E3335,,West Somerset,1023,2015
E5022,,Westminster,5341,2015
E1238,,Weymouth & Portland,984,2015
E4210,,Wigan,331,2015
E3902,,Wiltshire UA,1610,2015
E1743,,Winchester,375,2015
E0305,,Windsor & Maidenhead UA,842,2015
E4305,,Wirral,667,2015
E3641,,Woking,228,2015
E0306,,Wokingham UA,361,2015
E4607,,Wolverhampton,395,2015
E1837,,Worcester,230,2015
E3837,,Worthing,503,2015
E1838,,Wychavon,409,2015
E0435,,Wycombe,224,2015
E2344,,Wyre,268,2015
E1839,,Wyre Forest,376,2015
E3831,,Adur,162,2014
E0931,,Allerdale,1250,2014
E1031,,Amber Valley,290,2014
E3832,,Arun,1578,2014
E3031,,Ashfield,133,2014
E2231,,Ashford,468,2014
E0431,,Aylesbury Vale,93,2014
E3531,,Babergh,526,2014
E5030,,Barking & Dagenham,99,2014
E5031,,Barnet,2625,2014
E4401,,Barnsley,81,2014
E0932,,Barrow-in-Furness,341,2014
E1531,,Basildon,217,2014
E1731,,Basingstoke & Deane,184,2014
E3032,,Bassetlaw,138,2014
E0101,,Bath & North East Somerset,702,2014
E0202,,Bedford UA,331,2014
E5032,,Bexley,39,2014
E4601,,Birmingham,3303,2014
E2431,,Blaby,88,2014
E2301,,Blackburn with Darwen UA,152,2014
E2302,,Blackpool UA,553,2014
E1032,,Bolsover,79,2014
E4201,,Bolton,690,2014
E2531,,Boston,87,2014
E1202,,Bournemouth UA,3205,2014
E0301,,Bracknell Forest UA,205,2014
E4701,,Bradford,1131,2014
E1532,,Braintree,202,2014
E2631,,Breckland,421,2014
E5033,,Brent,392,2014
E1533,,Brentwood,171,2014
E1401,,Brighton and Hove,1810,2014
E0102,,Bristol,2171,2014
E2632,,Broadland,392,2014
E5034,,Bromley,616,2014
E1831,,Bromsgrove,57,2014
E1931,,Broxbourne,95,2014
E3033,,Broxtowe,239,2014
E2333,,Burnley,157,2014
E4202,,Bury,376,2014
E4702,,Calderdale,294,2014
E0531,,Cambridge,1652,2014
E5011,,Camden,5558,2014
E3431,,Cannock Chase,90,2014
E2232,,Canterbury,1093,2014
E0933,,Carlisle,500,2014
E1534,,Castle Point,55,2014
E0203,,Central Bedfordshire UA,289,2014
E2432,,Charnwood,469,2014
E1535,,Chelmsford,261,2014
E1631,,Cheltenham,774,2014
E3131,,Cherwell,412,2014
E0603,,Cheshire East UA,1097,2014
E0604,,Cheshire West and Chester UA,950,2014
E1033,,Chesterfield,209,2014
E3833,,Chichester,3249,2014
E0432,,Chiltern,220,2014
E2334,,Chorley,151,2014
E1232,,Christchurch,783,2014
E5010,,City of London,1802,2014
E1536,,Colchester,504,2014
E0934,,Copeland,933,2014
E2831,,Corby,20,2014
E0801,,Cornwall UA,14253,2014
E1632,,Cotswold,1536,2014
E4602,,Coventry,985,2014
E2731,,Craven,624,2014
E3834,,Crawley,300,2014
E5035,,Croydon,353,2014
E1932,,Dacorum,285,2014
E1301,,Darlington UA,184,2014
E2233,,Dartford,104,2014
E2832,,Daventry,175,2014
E1001,,Derby UA,125,2014
E1035,,Derbyshire Dales,961,2014
E4402,,Doncaster,492,2014
E2234,,Dover,1168,2014
E4603,,Dudley,344,2014
E1302,,Durham UA,1796,2014
E5036,,Ealing,281,2014
E0532,,East Cambridgeshire,134,2014
E1131,,East Devon,2513,2014
E1233,,East Dorset,273,2014
E1732,,East Hampshire,341,2014
E1933,,East Hertfordshire,197,2014
E2532,,East Lindsey,1514,2014
E2833,,East Northamptonshire,196,2014
E2001,,East Riding of Yorkshire UA,1813,2014
E3432,,East Staffordshire,204,2014
E1432,,Eastbourne,1100,2014
E1733,,Eastleigh,176,2014
E0935,,Eden,1360,2014
E3631,,Elmbridge,403,2014
E5037,,Enfield,1149,2014
E1537,,Epping Forest,338,2014
E3632,,Epsom and Ewell,1,2014
E1036,,Erewash,89,2014
E1132,,Exeter,454,2014
E1734,,Fareham,283,2014
E0533,,Fenland,70,2014
E3532,,Forest Heath,185,2014
E1633,,Forest of Dean,277,2014
E2335,,Fylde,652,2014
E4501,,Gateshead,442,2014
E3034,,Gedling,199,2014
E1634,,Gloucester,131,2014
E1735,,Gosport,236,2014
E2236,,Gravesham,66,2014
E2633,,Great Yarmouth,2432,2014
E5012,,Greenwich,573,2014
E3633,,Guildford,334,2014
E5013,,Hackney,1055,2014
E0601,,Halton UA,62,2014
E2732,,Hambleton,413,2014
E5014,,Hammersmith & Fulham,1995,2014
E2433,,Harborough,169,2014
E5038,,Haringey,826,2014
E1538,,Harlow,59,2014
E2753,,Harrogate,696,2014
E5039,,Harrow,47,2014
E1736,,Hart,143,2014
E0701,,Hartlepool UA,338,2014
E1433,,Hastings,637,2014
E1737,,Havant,451,2014
E5040,,Havering,201,2014
E1801,,Herefordshire UA,739,2014
E1934,,Hertsmere,217,2014
E1037,,High Peak,303,2014
E5041,,Hillingdon,1227,2014
E2434,,Hinckley & Bosworth,141,2014
E3835,,Horsham,366,2014
E5042,,Hounslow,1125,2014
E0551,,Huntingdonshire,278,2014
E2336,,Hyndburn,59,2014
E3533,,Ipswich,450,2014
E2101,,Isle of Wight UA,3690,2014
E4001,,Isles of Scilly,187,2014
E5015,,Islington,367,2014
E5016,,Kensington & Chelsea,8330,2014
E2834,,Kettering,112,2014
E2634,,Kings Lynn & West Norfolk,3295,2014
E2002,,Kingston upon Hull UA,211,2014
E5043,,Kingston upon Thames,824,2014
E4703,,Kirklees,838,2014
E4301,,Knowsley,53,2014
E5017,,Lambeth,484,2014
E2337,,Lancaster,735,2014
E4704,,Leeds,1970,2014
E2401,,Leicester UA,964,2014
E1435,,Lewes,365,2014
E5018,,Lewisham,319,2014
E3433,,Lichfield,92,2014
E2533,,Lincoln,213,2014
E4302,,Liverpool,217,2014
E0201,,Luton UA,204,2014
E2237,,Maidstone,161,2014
E1539,,Maldon,320,2014
E1851,,Malvern Hills,411,2014
E4203,,Manchester,5739,2014
E3035,,Mansfield,60,2014
E2201,,Medway UA,366,2014
E2436,,Melton,62,2014
E3331,,Mendip,396,2014
E5044,,Merton,1337,2014
E1133,,Mid Devon,281,2014
E3534,,Mid Suffolk,498,2014
E3836,,Mid Sussex,264,2014
E0702,,Middlesbrough UA,24,2014
E0401,,Milton Keynes UA,804,2014
E3634,,Mole Valley,337,2014
E1738,,New Forest,1767,2014
E3036,,Newark & Sherwood,166,2014
E4502,,Newcastle upon Tyne,4479,2014
E3434,,Newcastle-under-Lyme,423,2014
E5045,,Newham,481,2014
E1134,,North Devon,1608,2014
E1234,,North Dorset,482,2014
E1038,,North East Derbyshire,160,2014
E2003,,North East Lincolnshire UA,355,2014
E1935,,North Hertfordshire,278,2014
E2534,,North Kesteven,209,2014
E2004,,North Lincolnshire UA,477,2014
E2635,,North Norfolk,4883,2014
E0104,,North Somerset UA,649,2014
E4503,,North Tyneside,512,2014
E3731,,North Warwickshire,54,2014
E2437,,North West Leicestershire,151,2014
E2835,,Northampton,167,2014
E2901,,Northumberland UA,3214,2014
E2636,,Norwich,501,2014
E3001,,Nottingham UA,523,2014
E3732,,Nuneaton & Bedworth,53,2014
E2438,,Oadby & Wigston,67,2014
E4204,,Oldham,208,2014
E3132,,Oxford,1001,2014
E2338,,Pendle,202,2014
E0501,,Peterborough UA,127,2014
E1101,,Plymouth UA,730,2014
E1201,,Poole UA,1676,2014
E1701,,Portsmouth UA,1056,2014
E2339,,Preston,279,2014
E1236,,Purbeck,1642,2014
E0303,,Reading UA,944,2014
E5046,,Redbridge,879,2014
E0703,,Redcar & Cleveland UA,161,2014
E1835,,Redditch,30,2014
E3635,,Reigate & Banstead,332,2014
E2340,,Ribble Valley,190,2014
E5047,,Richmond upon Thames,609,2014
E2734,,Richmondshire,1009,2014
E4205,,Rochdale,391,2014
E1540,,Rochford,88,2014
E2341,,Rossendale,147,2014
E1436,,Rother,1410,2014
E4403,,Rotherham,432,2014
E3733,,Rugby,177,2014
E3636,,Runnymede,189,2014
E3038,,Rushcliffe,209,2014
E1740,,Rushmoor,194,2014
E2402,,Rutland UA,165,2014
E2755,,Ryedale,799,2014
E4206,,Salford,1165,2014
E4604,,Sandwell,16,2014
E2736,,Scarborough,4159,2014
E3332,,Sedgemoor,504,2014
E4304,,Sefton,359,2014
E2757,,Selby,151,2014
E2239,,Sevenoaks,287,2014
E4404,,Sheffield,1560,2014
E2240,,Shepway,1041,2014
E3202,,Shropshire UA,1447,2014
E0304,,Slough UA,442,2014
E4605,,Solihull,184,2014
E0434,,South Bucks,166,2014
E0536,,South Cambridgeshire,334,2014
E1039,,South Derbyshire,184,2014
E0103,,South Gloucestershire UA,272,2014
E1136,,South Hams,3894,2014
E2535,,South Holland,151,2014
E2536,,South Kesteven,276,2014
E0936,,South Lakeland,3904,2014
E2637,,South Norfolk,595,2014
E2836,,South Northamptonshire,173,2014
E3133,,South Oxfordshire,351,2014
E2342,,South Ribble,97,2014
E3334,,South Somerset,878,2014
E3435,,South Staffordshire,103,2014
E4504,,South Tyneside,438,2014
E1702,,Southampton UA,921,2014
E1501,,Southend-on-Sea UA,218,2014
E5019,,Southwark,1971,2014
E3637,,Spelthorne,163,2014
E1936,,St Albans,241,2014
E3535,,St Edmundsbury,254,2014
E4303,,St Helens,695,2014
E3436,,Stafford,252,2014
E3437,,Staffordshire Moorlands,198,2014
E1937,,Stevenage,81,2014
E4207,,Stockport,705,2014
E0704,,Stockton-on-Tees UA,356,2014
E3401,,Stoke-on-Trent UA,477,2014
E3734,,Stratford-on-Avon,627,2014
E1635,,Stroud,388,2014
E3536,,Suffolk Coastal,2679,2014
E4505,,Sunderland,661,2014
E3638,,Surrey Heath,197,2014
E5048,,Sutton,106,2014
E2241,,Swale,1690,2014
E3901,,Swindon UA,247,2014
E4208,,Tameside,193,2014
E3439,,Tamworth,19,2014
E3639,,Tandridge,247,2014
E3333,,Taunton Deane,340,2014
E1137,,Teignbridge,1255,2014
E3201,,Telford & Wrekin UA,132,2014
E1542,,Tendring,1847,2014
E1742,,Test Valley,248,2014
E1636,,Tewkesbury,243,2014
E2242,,Thanet,1451,2014
E1938,,Three Rivers,72,2014
E1502,,Thurrock UA,215,2014
E2243,,Tonbridge & Malling,227,2014
E1102,,Torbay UA,1608,2014
E1139,,Torridge,967,2014
E5020,,Tower Hamlets,5003,2014
E4209,,Trafford,590,2014
E2244,,Tunbridge Wells,348,2014
E1544,,Uttlesford,186,2014
E3134,,Vale of White Horse,265,2014
E4705,,Wakefield,519,2014
E4606,,Walsall,260,2014
E5049,,Waltham Forest,542,2014
E5021,,Wandsworth,1100,2014
E0602,,Warrington UA,468,2014
E3735,,Warwick,630,2014
E1939,,Watford,91,2014
E3537,,Waveney,1355,2014
E3640,,Waverley,398,2014
E1437,,Wealden,799,2014
E2837,,Wellingborough,62,2014
E1940,,Welwyn Hatfield,639,2014
E0302,,West Berkshire UA,454,2014
E1140,,West Devon,486,2014
E1237,,West Dorset,2633,2014
E2343,,West Lancashire,84,2014
E2537,,West Lindsey,229,2014
E3135,,West Oxfordshire,766,2014
E3335,,West Somerset,996,2014
E5022,,Westminster,6075,2014
E1238,,Weymouth & Portland,968,2014
E4210,,Wigan,329,2014
E3902,,Wiltshire UA,1677,2014
E1743,,Winchester,395,2014
E0305,,Windsor & Maidenhead UA,844,2014
E4305,,Wirral,701,2014
E3641,,Woking,250,2014
E0306,,Wokingham UA,368,2014
E4607,,Wolverhampton,401,2014
E1837,,Worcester,220,2014
E3837,,Worthing,481,2014
E1838,,Wychavon,426,2014
E0435,,Wycombe,225,2014
E2344,,Wyre,321,2014
E1839,,Wyre Forest,343,2014
E3831,,Adur,181,2013
E0931,,Allerdale,1275,2013
E1031,,Amber Valley,300,2013
E3832,,Arun,1583,2013
E3031,,Ashfield,132,2013
E2231,,Ashford,459,2013
E0431,,Aylesbury Vale,102,2013
E3531,,Babergh,521,2013
E5030,,Barking & Dagenham,119,2013
E5031,,Barnet,2612,2013
E4401,,Barnsley,93,2013
E0932,,Barrow-in-Furness,315,2013
E1531,,Basildon,211,2013
E1731,,Basingstoke & Deane,200,2013
E3032,,Bassetlaw,162,2013
E0101,,Bath & North East Somerset,718,2013
E0202,,Bedford UA,362,2013
E5032,,Bexley,38,2013
E4601,,Birmingham,4450,2013
E2431,,Blaby,83,2013
E2301,,Blackburn with Darwen UA,145,2013
E2302,,Blackpool UA,642,2013
E1032,,Bolsover,76,2013
E4201,,Bolton,635,2013
E2531,,Boston,95,2013
E1202,,Bournemouth UA,3288,2013
E0301,,Bracknell Forest UA,148,2013
E4701,,Bradford,947,2013
E1532,,Braintree,238,2013
E2631,,Breckland,437,2013
E5033,,Brent,528,2013
E1533,,Brentwood,187,2013
E1401,,Brighton and Hove,1869,2013
E0102,,Bristol,1402,2013
E2632,,Broadland,411,2013
E5034,,Bromley,656,2013
E1831,,Bromsgrove,77,2013
E1931,,Broxbourne,97,2013
E3033,,Broxtowe,291,2013
E2333,,Burnley,185,2013
E4202,,Bury,364,2013
E4702,,Calderdale,358,2013
E0531,,Cambridge,1272,2013
E5011,,Camden,5158,2013
E3431,,Cannock Chase,84,2013
E2232,,Canterbury,1103,2013
E0933,,Carlisle,533,2013
E1534,,Castle Point,42,2013
E0203,,Central Bedfordshire UA,423,2013
E2432,,Charnwood,571,2013
E1535,,Chelmsford,269,2013
E1631,,Cheltenham,808,2013
E3131,,Cherwell,536,2013
E0603,,Cheshire East UA,1043,2013
E0604,,Cheshire West and Chester UA,878,2013
E1033,,Chesterfield,209,2013
E3833,,Chichester,2884,2013
E0432,,Chiltern,267,2013
E2334,,Chorley,168,2013
E1232,,Christchurch,806,2013
E5010,,City of London,1579,2013
E1536,,Colchester,575,2013
E0934,,Copeland,899,2013
E2831,,Corby,24,2013
E0801,,Cornwall UA,14318,2013
E1632,,Cotswold,1566,2013
E4602,,Coventry,911,2013
E2731,,Craven,634,2013
E3834,,Crawley,330,2013
E5035,,Croydon,7,2013
E1932,,Dacorum,338,2013
E1301,,Darlington UA,202,2013
E2233,,Dartford,90,2013
E2832,,Daventry,186,2013
E1001,,Derby UA,143,2013
E1035,,Derbyshire Dales,991,2013
E4402,,Doncaster,544,2013
E2234,,Dover,1241,2013
E4603,,Dudley,341,2013
E1302,,Durham UA,2017,2013
E5036,,Ealing,844,2013
E0532,,East Cambridgeshire,159,2013
E1131,,East Devon,2401,2013
E1233,,East Dorset,306,2013
E1732,,East Hampshire,350,2013
E1933,,East Hertfordshire,165,2013
E2532,,East Lindsey,1525,2013
E2833,,East Northamptonshire,213,2013
E2001,,East Riding of Yorkshire UA,1754,2013
E3432,,East Staffordshire,191,2013
E1432,,Eastbourne,1099,2013
E1733,,Eastleigh,209,2013
E0935,,Eden,1390,2013
E3631,,Elmbridge,460,2013
E5037,,Enfield,1010,2013
E1537,,Epping Forest,294,2013
E3632,,Epsom and Ewell,2,2013
E1036,,Erewash,84,2013
E1132,,Exeter,466,2013
E1734,,Fareham,286,2013
E0533,,Fenland,77,2013
E3532,,Forest Heath,185,2013
E1633,,Forest of Dean,293,2013
E2335,,Fylde,661,2013
E4501,,Gateshead,414,2013
E3034,,Gedling,224,2013
E1634,,Gloucester,137,2013
E1735,,Gosport,228,2013
E2236,,Gravesham,117,2013
E2633,,Great Yarmouth,2471,2013
E5012,,Greenwich,700,2013
E3633,,Guildford,414,2013
E5013,,Hackney,919,2013
E0601,,Halton UA,79,2013
E2732,,Hambleton,434,2013
E5014,,Hammersmith & Fulham,1887,2013
E2433,,Harborough,164,2013
E5038,,Haringey,530,2013
E1538,,Harlow,70,2013
E2753,,Harrogate,663,2013
E5039,,Harrow,0,2013
E1736,,Hart,204,2013
E0701,,Hartlepool UA,309,2013
E1433,,Hastings,636,2013
E1737,,Havant,458,2013
E5040,,Havering,269,2013
E1801,,Herefordshire UA,768,2013
E1934,,Hertsmere,218,2013
E1037,,High Peak,321,2013
E5041,,Hillingdon,1297,2013
E2434,,Hinckley & Bosworth,154,2013
E3835,,Horsham,393,2013
E5042,,Hounslow,1076,2013
E0551,,Huntingdonshire (new),276,2013
E2336,,Hyndburn,50,2013
E3533,,Ipswich,408,2013
E2101,,Isle of Wight UA,3727,2013
E4001,,Isles of Scilly,191,2013
E5015,,Islington,425,2013
E5016,,Kensington & Chelsea,7823,2013
E2834,,Kettering,141,2013
E2634,,Kings Lynn & West Norfolk,3310,2013
E2002,,Kingston upon Hull UA,276,2013
E5043,,Kingston upon Thames,917,2013
E4703,,Kirklees,913,2013
E4301,,Knowsley,41,2013
E5017,,Lambeth,579,2013
E2337,,Lancaster,788,2013
E4704,,Leeds,2204,2013
E2401,,Leicester UA,894,2013
E1435,,Lewes,443,2013
E5018,,Lewisham,384,2013
E3433,,Lichfield,87,2013
E2533,,Lincoln,209,2013
E4302,,Liverpool,251,2013
E0201,,Luton UA,316,2013
E2237,,Maidstone,192,2013
E1539,,Maldon,338,2013
E1851,,Malvern Hills (new),420,2013
E4203,,Manchester,5946,2013
E3035,,Mansfield,58,2013
E2201,,Medway UA,394,2013
E2436,,Melton,67,2013
E3331,,Mendip,450,2013
E5044,,Merton,1127,2013
E1133,,Mid Devon,288,2013
E3534,,Mid Suffolk,469,2013
E3836,,Mid Sussex,272,2013
E0702,,Middlesbrough UA,25,2013
E0401,,Milton Keynes UA,811,2013
E3634,,Mole Valley,366,2013
E1738,,New Forest,1798,2013
E3036,,Newark & Sherwood,182,2013
E4502,,Newcastle upon Tyne,4264,2013
E3434,,Newcastle-under-Lyme,333,2013
E5045,,Newham,691,2013
E1134,,North Devon,1584,2013
E1234,,North Dorset,495,2013
E1038,,North East Derbyshire,145,2013
E2003,,North East Lincolnshire UA,367,2013
E1935,,North Hertfordshire,277,2013
E2534,,North Kesteven,210,2013
E2004,,North Lincolnshire UA,487,2013
E2635,,North Norfolk,4901,2013
E0104,,North Somerset UA,482,2013
E4503,,North Tyneside,482,2013
E3731,,North Warwickshire,64,2013
E2437,,North West Leicestershire,124,2013
E2835,,Northampton,196,2013
E2901,,Northumberland UA,3140,2013
E2636,,Norwich,474,2013
E3001,,Nottingham UA,578,2013
E3732,,Nuneaton & Bedworth,58,2013
E2438,,Oadby & Wigston,91,2013
E4204,,Oldham,213,2013
E3132,,Oxford,858,2013
E2338,,Pendle,105,2013
E0501,,Peterborough UA,161,2013
E1101,,Plymouth UA,800,2013
E1201,,Poole UA,1775,2013
E1701,,Portsmouth UA,1075,2013
E2339,,Preston,305,2013
E1236,,Purbeck,1658,2013
E0303,,Reading UA,918,2013
E5046,,Redbridge,1027,2013
E0703,,Redcar & Cleveland UA,161,2013
E1835,,Redditch,39,2013
E3635,,Reigate & Banstead,347,2013
E2340,,Ribble Valley,184,2013
E5047,,Richmond upon Thames,763,2013
E2734,,Richmondshire,1004,2013
E4205,,Rochdale,337,2013
E1540,,Rochford,86,2013
E2341,,Rossendale,140,2013
E1436,,Rother,1476,2013
E4403,,Rotherham,493,2013
E3733,,Rugby,183,2013
E3636,,Runnymede,201,2013
E3038,,Rushcliffe,218,2013
E1740,,Rushmoor,205,2013
E2402,,Rutland UA,152,2013
E2755,,Ryedale,795,2013
E4206,,Salford,1067,2013
E4604,,Sandwell,384,2013
E2736,,Scarborough,4237,2013
E3332,,Sedgemoor,445,2013
E4304,,Sefton,408,2013
E2757,,Selby,137,2013
E2239,,Sevenoaks,272,2013
E4404,,Sheffield,1524,2013
E2240,,Shepway,1028,2013
E3202,,Shropshire UA,1315,2013
E0304,,Slough UA,391,2013
E4605,,Solihull,255,2013
E0434,,South Bucks,183,2013
E0536,,South Cambridgeshire,361,2013
E1039,,South Derbyshire,209,2013
E0103,,South Gloucestershire UA,333,2013
E1136,,South Hams,4133,2013
E2535,,South Holland,171,2013
E2536,,South Kesteven,286,2013
E0936,,South Lakeland,3869,2013
E2637,,South Norfolk,585,2013
E2836,,South Northamptonshire,163,2013
E3133,,South Oxfordshire,413,2013
E2342,,South Ribble,90,2013
E3334,,South Somerset,868,2013
E3435,,South Staffordshire,109,2013
E4504,,South Tyneside,311,2013
E1702,,Southampton UA,900,2013
E1501,,Southend-on-Sea UA,243,2013
E5019,,Southwark,1820,2013
E3637,,Spelthorne,188,2013
E1936,,St Albans,318,2013
E3535,,St Edmundsbury,301,2013
E4303,,St Helens,725,2013
E3436,,Stafford,243,2013
E3437,,Staffordshire Moorlands,204,2013
E1937,,Stevenage,97,2013
E4207,,Stockport,782,2013
E0704,,Stockton-on-Tees UA,364,2013
E3401,,Stoke-on-Trent UA,371,2013
E3734,,Stratford-on-Avon,617,2013
E1635,,Stroud,395,2013
E3536,,Suffolk Coastal,2719,2013
E4505,,Sunderland,670,2013
E3638,,Surrey Heath,232,2013
E5048,,Sutton,101,2013
E2241,,Swale,1767,2013
E3901,,Swindon UA,325,2013
E4208,,Tameside,210,2013
E3439,,Tamworth,20,2013
E3639,,Tandridge,231,2013
E3333,,Taunton Deane,330,2013
E1137,,Teignbridge,1194,2013
E3201,,Telford & Wrekin UA,149,2013
E1542,,Tendring,1885,2013
E1742,,Test Valley,263,2013
E1636,,Tewkesbury,208,2013
E2242,,Thanet,1488,2013
E1938,,Three Rivers,104,2013
E1502,,Thurrock UA,249,2013
E2243,,Tonbridge & Malling,254,2013
E1102,,Torbay UA,1624,2013
E1139,,Torridge,1012,2013
E5020,,Tower Hamlets,4703,2013
E4209,,Trafford,628,2013
E2244,,Tunbridge Wells,381,2013
E1544,,Uttlesford,199,2013
E3134,,Vale of White Horse,298,2013
E4705,,Wakefield,474,2013
E4606,,Walsall,252,2013
E5049,,Waltham Forest,509,2013
E5021,,Wandsworth,1281,2013
E0602,,Warrington UA,900,2013
E3735,,Warwick,592,2013
E1939,,Watford,131,2013
E3537,,Waveney,1315,2013
E3640,,Waverley,420,2013
E1437,,Wealden,825,2013
E2837,,Wellingborough,61,2013
E1940,,Welwyn Hatfield,568,2013
E0302,,West Berkshire UA,497,2013
E1140,,West Devon,548,2013
E1237,,West Dorset,2572,2013
E2343,,West Lancashire,114,2013
E2537,,West Lindsey,228,2013
E3135,,West Oxfordshire,742,2013
E3335,,West Somerset,1050,2013
E5022,,Westminster,6784,2013
E1238,,Weymouth & Portland,925,2013
E4210,,Wigan,316,2013
E3902,,Wiltshire UA,1766,2013
E1743,,Winchester,462,2013
E0305,,Windsor & Maidenhead UA,840,2013
E4305,,Wirral,750,2013
E3641,,Woking,238,2013
E0306,,Wokingham UA,359,2013
E4607,,Wolverhampton,496,2013
E1837,,Worcester,244,2013
E3837,,Worthing,494,2013
E1838,,Wychavon,418,2013
E0435,,Wycombe,245,2013
E2344,,Wyre,379,2013
E1839,,Wyre Forest,309,2013
E3831,,Adur,204,2012
E0931,,Allerdale,1252,2012
E1031,,Amber Valley,286,2012
E3832,,Arun,1612,2012
E3031,,Ashfield,146,2012
E2231,,Ashford,324,2012
E0431,,Aylesbury Vale,345,2012
E3531,,Babergh,476,2012
E5030,,Barking & Dagenham,181,2012
E5031,,Barnet,2678,2012
E4401,,Barnsley,124,2012
E0932,,Barrow-in-Furness,370,2012
E1531,,Basildon,193,2012
E1731,,Basingstoke & Deane,209,2012
E3032,,Bassetlaw,135,2012
E0101,,Bath & North East Somerset,789,2012
E0202,,Bedford UA,401,2012
E5032,,Bexley,33,2012
E4601,,Birmingham,4492,2012
E2431,,Blaby,87,2012
E2301,,Blackburn with Darwen UA,47,2012
E2302,,Blackpool UA,742,2012
E1032,,Bolsover,34,2012
E4201,,Bolton,746,2012
E2531,,Boston,92,2012
E1202,,Bournemouth UA,3314,2012
E0301,,Bracknell Forest UA,232,2012
E4701,,Bradford,853,2012
E1532,,Braintree,301,2012
E2631,,Breckland,435,2012
E5033,,Brent,686,2012
E1533,,Brentwood,192,2012
E1401,,Brighton and Hove,1929,2012
E0102,,Bristol,2326,2012
E2632,,Broadland,409,2012
E5034,,Bromley,568,2012
E1831,,Bromsgrove,81,2012
E1931,,Broxbourne,91,2012
E3033,,Broxtowe,363,2012
E2333,,Burnley,42,2012
E4202,,Bury,387,2012
E4702,,Calderdale,488,2012
E0531,,Cambridge,1503,2012
E5011,,Camden,4836,2012
E3431,,Cannock Chase,103,2012
E2232,,Canterbury,1043,2012
E0933,,Carlisle,455,2012
E1534,,Castle Point,39,2012
E0203,,Central Bedfordshire UA,362,2012
E2432,,Charnwood,601,2012
E1535,,Chelmsford,266,2012
E1631,,Cheltenham,797,2012
E3131,,Cherwell,298,2012
E0603,,Cheshire East UA,929,2012
E0604,,Cheshire West and Chester UA,933,2012
E1033,,Chesterfield,257,2012
E3833,,Chichester,2883,2012
E0432,,Chiltern,280,2012
E2334,,Chorley,77,2012
E1232,,Christchurch,841,2012
E5010,,City of London,1600,2012
E1536,,Colchester,639,2012
E0934,,Copeland,845,2012
E2831,,Corby,20,2012
E0801,,Cornwall UA,14457,2012
E1632,,Cotswold,1578,2012
E4602,,Coventry,867,2012
E2731,,Craven,711,2012
E3834,,Crawley,320,2012
E5035,,Croydon,6,2012
E1932,,Dacorum,145,2012
E1301,,Darlington UA,204,2012
E2233,,Dartford,87,2012
E2832,,Daventry,238,2012
E1001,,Derby UA,143,2012
E1035,,Derbyshire Dales,1019,2012
E4402,,Doncaster,534,2012
E2234,,Dover,1239,2012
E4603,,Dudley,433,2012
E1302,,Durham UA,2272,2012
E5036,,Ealing,986,2012
E0532,,East Cambridgeshire,140,2012
E1131,,East Devon,2466,2012
E1233,,East Dorset,296,2012
E1732,,East Hampshire,363,2012
E1933,,East Hertfordshire,119,2012
E2532,,East Lindsey,1435,2012
E2833,,East Northamptonshire,228,2012
E2001,,East Riding of Yorkshire UA,1618,2012
E3432,,East Staffordshire,169,2012
E1432,,Eastbourne,1123,2012
E1733,,Eastleigh,219,2012
E0935,,Eden,1357,2012
E3631,,Elmbridge,554,2012
E5037,,Enfield,1016,2012
E1537,,Epping Forest,270,2012
E3632,,Epsom and Ewell,136,2012
E1036,,Erewash,103,2012
E1132,,Exeter,477,2012
E1734,,Fareham,294,2012
E0533,,Fenland,92,2012
E3532,,Forest Heath,184,2012
E1633,,Forest of Dean,313,2012
E2335,,Fylde,612,2012
E4501,,Gateshead,605,2012
E3034,,Gedling,108,2012
E1634,,Gloucester,159,2012
E1735,,Gosport,242,2012
E2236,,Gravesham,119,2012
E2633,,Great Yarmouth,2543,2012
E5012,,Greenwich,874,2012
E3633,,Guildford,334,2012
E5013,,Hackney,1270,2012
E0601,,Halton UA,80,2012
E2732,,Hambleton,399,2012
E5014,,Hammersmith & Fulham,2192,2012
E2433,,Harborough,175,2012
E5038,,Haringey,615,2012
E1538,,Harlow,71,2012
E2753,,Harrogate,697,2012
E5039,,Harrow,336,2012
E1736,,Hart,120,2012
E0701,,Hartlepool UA,292,2012
E1433,,Hastings,615,2012
E1737,,Havant,474,2012
E5040,,Havering,321,2012
E1801,,Herefordshire UA,779,2012
E1934,,Hertsmere,173,2012
E1037,,High Peak,356,2012
E5041,,Hillingdon,1014,2012
E2434,,Hinckley & Bosworth,191,2012
E3835,,Horsham,433,2012
E5042,,Hounslow,1259,2012
E0551,,Huntingdonshire (new),284,2012
E2336,,Hyndburn,25,2012
E3533,,Ipswich,362,2012
E2101,,Isle of Wight UA,3696,2012
E4001,,Isles of Scilly,193,2012
E5015,,Islington,1471,2012
E5016,,Kensington & Chelsea,7474,2012
E2834,,Kettering,152,2012
E2634,,Kings Lynn & West Norfolk,3211,2012
E2002,,Kingston upon Hull UA,303,2012
E5043,,Kingston upon Thames,796,2012
E4703,,Kirklees,1043,2012
E4301,,Knowsley,25,2012
E5017,,Lambeth,938,2012
E2337,,Lancaster,774,2012
E4704,,Leeds,2027,2012
E2401,,Leicester UA,926,2012
E1435,,Lewes,483,2012
E5018,,Lewisham,619,2012
E3433,,Lichfield,74,2012
E2533,,Lincoln,177,2012
E4302,,Liverpool,266,2012
E0201,,Luton UA,511,2012
E2237,,Maidstone,190,2012
E1539,,Maldon,352,2012
E1851,,Malvern Hills (new),397,2012
E4203,,Manchester,5440,2012
E3035,,Mansfield,64,2012
E2201,,Medway UA,411,2012
E2436,,Melton,64,2012
E3331,,Mendip,499,2012
E5044,,Merton,1065,2012
E1133,,Mid Devon,266,2012
E3534,,Mid Suffolk,419,2012
E3836,,Mid Sussex,328,2012
E0702,,Middlesbrough UA,23,2012
E0401,,Milton Keynes UA,868,2012
E3634,,Mole Valley,362,2012
E1738,,New Forest,1751,2012
E3036,,Newark & Sherwood,168,2012
E4502,,Newcastle upon Tyne,2516,2012
E3434,,Newcastle-under-Lyme,327,2012
E5045,,Newham,1403,2012
E1134,,North Devon,1649,2012
E1234,,North Dorset,513,2012
E1038,,North East Derbyshire,159,2012
E2003,,North East Lincolnshire UA,388,2012
E1935,,North Hertfordshire,295,2012
E2534,,North Kesteven,203,2012
E2004,,North Lincolnshire UA,485,2012
E2635,,North Norfolk,4772,2012
E0104,,North Somerset UA,478,2012
E4503,,North Tyneside,452,2012
E3731,,North Warwickshire,65,2012
E2437,,North West Leicestershire,106,2012
E2835,,Northampton,220,2012
E2901,,Northumberland UA,3081,2012
E2636,,Norwich,412,2012
E3001,,Nottingham UA,946,2012
E3732,,Nuneaton & Bedworth,60,2012
E2438,,Oadby & Wigston,94,2012
E4204,,Oldham,186,2012
E3132,,Oxford,1247,2012
E2338,,Pendle,117,2012
E0501,,Peterborough UA,210,2012
E1101,,Plymouth UA,1004,2012
E1201,,Poole UA,1818,2012
E1701,,Portsmouth UA,909,2012
E2339,,Preston,271,2012
E1236,,Purbeck,1635,2012
E0303,,Reading UA,1072,2012
E5046,,Redbridge,1125,2012
E0703,,Redcar & Cleveland UA,147,2012
E1835,,Redditch,35,2012
E3635,,Reigate & Banstead,364,2012
E2340,,Ribble Valley,206,2012
E5047,,Richmond upon Thames,817,2012
E2734,,Richmondshire,942,2012
E4205,,Rochdale,72,2012
E1540,,Rochford,74,2012
E2341,,Rossendale,135,2012
E1436,,Rother,1465,2012
E4403,,Rotherham,409,2012
E3733,,Rugby,193,2012
E3636,,Runnymede,220,2012
E3038,,Rushcliffe,272,2012
E1740,,Rushmoor,217,2012
E2402,,Rutland UA,151,2012
E2755,,Ryedale,805,2012
E4206,,Salford,1332,2012
E4604,,Sandwell,24,2012
E2736,,Scarborough,4114,2012
E3332,,Sedgemoor,428,2012
E4304,,Sefton,407,2012
E2757,,Selby,144,2012
E2239,,Sevenoaks,273,2012
E4404,,Sheffield,1567,2012
E2240,,Shepway,971,2012
E3202,,Shropshire UA,1354,2012
E0304,,Slough UA,572,2012
E4605,,Solihull,303,2012
E0434,,South Bucks,175,2012
E0536,,South Cambridgeshire,391,2012
E1039,,South Derbyshire,167,2012
E0103,,South Gloucestershire UA,325,2012
E1136,,South Hams,4226,2012
E2535,,South Holland,193,2012
E2536,,South Kesteven,289,2012
E0936,,South Lakeland,3824,2012
E2637,,South Norfolk,541,2012
E2836,,South Northamptonshire,186,2012
E3133,,South Oxfordshire,414,2012
E2342,,South Ribble,79,2012
E3334,,South Somerset,779,2012
E3435,,South Staffordshire,136,2012
E4504,,South Tyneside,272,2012
E1702,,Southampton UA,1005,2012
E1501,,Southend-on-Sea UA,281,2012
E5019,,Southwark,1901,2012
E3637,,Spelthorne,249,2012
E1936,,St Albans,377,2012
E3535,,St Edmundsbury,284,2012
E4303,,St Helens,634,2012
E3436,,Stafford,262,2012
E3437,,Staffordshire Moorlands,170,2012
E1937,,Stevenage,101,2012
E4207,,Stockport,722,2012
E0704,,Stockton-on-Tees UA,374,2012
E3401,,Stoke-on-Trent UA,429,2012
E3734,,Stratford-on-Avon,612,2012
E1635,,Stroud,406,2012
E3536,,Suffolk Coastal,2675,2012
E4505,,Sunderland,649,2012
E3638,,Surrey Heath,242,2012
E5048,,Sutton,121,2012
E2241,,Swale,1200,2012
E3901,,Swindon UA,450,2012
E4208,,Tameside,244,2012
E3439,,Tamworth,23,2012
E3639,,Tandridge,262,2012
E3333,,Taunton Deane,320,2012
E1137,,Teignbridge,1200,2012
E3201,,Telford & Wrekin UA,194,2012
E1542,,Tendring,1983,2012
E1742,,Test Valley,285,2012
E1636,,Tewkesbury,233,2012
E2242,,Thanet,1415,2012
E1938,,Three Rivers,161,2012
E1502,,Thurrock UA,226,2012
E2243,,Tonbridge & Malling,273,2012
E1102,,Torbay UA,1654,2012
E1139,,Torridge,1031,2012
E5020,,Tower Hamlets,5025,2012
E4209,,Trafford,602,2012
E2244,,Tunbridge Wells,420,2012
E1544,,Uttlesford,189,2012
E3134,,Vale of White Horse,334,2012
E4705,,Wakefield,505,2012
E4606,,Walsall,239,2012
E5049,,Waltham Forest,862,2012
E5021,,Wandsworth,1629,2012
E0602,,Warrington UA,592,2012
E3735,,Warwick,601,2012
E1939,,Watford,262,2012
E3537,,Waveney,1360,2012
E3640,,Waverley,424,2012
E1437,,Wealden,861,2012
E2837,,Wellingborough,71,2012
E1940,,Welwyn Hatfield,614,2012
E0302,,West Berkshire UA,578,2012
E1140,,West Devon,548,2012
E1237,,West Dorset,2612,2012
E2343,,West Lancashire,65,2012
E2537,,West Lindsey,144,2012
E3135,,West Oxfordshire,742,2012
E3335,,West Somerset,1062,2012
E5022,,Westminster,7436,2012
E1238,,Weymouth & Portland,940,2012
E4210,,Wigan,281,2012
E3902,,Wiltshire UA,1822,2012
E1743,,Winchester,498,2012
E0305,,Windsor & Maidenhead UA,844,2012
E4305,,Wirral,729,2012
E3641,,Woking,286,2012
E0306,,Wokingham UA,390,2012
E4607,,Wolverhampton,701,2012
E1837,,Worcester,243,2012
E3837,,Worthing,510,2012
E1838,,Wychavon,416,2012
E0435,,Wycombe,239,2012
E2344,,Wyre,390,2012
E1839,,Wyre Forest,316,2012
E3831,,Adur,189,2011
E0931,,Allerdale,1246,2011
E1031,,Amber Valley,298,2011
E3832,,Arun,1592,2011
E3031,,Ashfield,159,2011
E2231,,Ashford,308,2011
E0431,,Aylesbury Vale,360,2011
E3531,,Babergh,488,2011
E5030,,Barking & Dagenham,251,2011
E5031,,Barnet,2581,2011
E4401,,Barnsley,130,2011
E0932,,Barrow-in-Furness,375,2011
E1531,,Basildon,197,2011
E1731,,Basingstoke & Deane,252,2011
E3032,,Bassetlaw,132,2011
E0101,,Bath & North East Somerset,703,2011
E0202,,Bedford UA,419,2011
E5032,,Bexley,35,2011
E4601,,Birmingham,4136,2011
E2431,,Blaby,108,2011
E2301,,Blackburn with Darwen UA,50,2011
E2302,,Blackpool UA,764,2011
E1032,,Bolsover,30,2011
E4201,,Bolton,801,2011
E2531,,Boston,83,2011
E1202,,Bournemouth UA,3345,2011
E0301,,Bracknell Forest UA,228,2011
E4701,,Bradford,1020,2011
E1532,,Braintree,307,2011
E2631,,Breckland,458,2011
E5033,,Brent,647,2011
E1533,,Brentwood,206,2011
E1401,,Brighton and Hove,1974,2011
E0102,,Bristol,2266,2011
E2632,,Broadland,419,2011
E5034,,Bromley,527,2011
E1831,,Bromsgrove,95,2011
E1931,,Broxbourne,102,2011
E3033,,Broxtowe,374,2011
E2333,,Burnley,45,2011
E4202,,Bury,374,2011
E4702,,Calderdale,480,2011
E0531,,Cambridge,1255,2011
E5011,,Camden,4033,2011
E3431,,Cannock Chase,135,2011
E2232,,Canterbury,1047,2011
E0933,,Carlisle,572,2011
E1534,,Castle Point,38,2011
E0203,,Central Bedfordshire UA,292,2011
E2432,,Charnwood,708,2011
E1535,,Chelmsford,276,2011
E1631,,Cheltenham,790,2011
E3131,,Cherwell,309,2011
E0603,,Cheshire East UA,874,2011
E0604,,Cheshire West and Chester UA,972,2011
E1033,,Chesterfield,306,2011
E3833,,Chichester,2869,2011
E0432,,Chiltern,295,2011
E2334,,Chorley,66,2011
E1232,,Christchurch,834,2011
E5010,,City of London,1515,2011
E1536,,Colchester,646,2011
E0934,,Copeland,852,2011
E2831,,Corby,17,2011
E0801,,Cornwall UA,14078,2011
E1632,,Cotswold,1540,2011
E4602,,Coventry,929,2011
E2731,,Craven,724,2011
E3834,,Crawley,330,2011
E5035,,Croydon,2,2011
E1932,,Dacorum,154,2011
E1301,,Darlington UA,212,2011
E2233,,Dartford,93,2011
E2832,,Daventry,261,2011
E1001,,Derby UA,134,2011
E1035,,Derbyshire Dales,972,2011
E4402,,Doncaster,529,2011
E2234,,Dover,1233,2011
E4603,,Dudley,434,2011
E1302,,Durham UA,2014,2011
E5036,,Ealing,903,2011
E0532,,East Cambridgeshire,135,2011
E1131,,East Devon,2413,2011
E1233,,East Dorset,300,2011
E1732,,East Hampshire,331,2011
E1933,,East Hertfordshire,128,2011
E2532,,East Lindsey,1465,2011
E2833,,East Northamptonshire,231,2011
E2001,,East Riding of Yorkshire UA,1616,2011
E3432,,East Staffordshire,172,2011
E1432,,Eastbourne,1101,2011
E1733,,Eastleigh,222,2011
E0935,,Eden,1392,2011
E3631,,Elmbridge,585,2011
E5037,,Enfield,1120,2011
E1537,,Epping Forest,266,2011
E3632,,Epsom and Ewell,141,2011
E1036,,Erewash,71,2011
E1132,,Exeter,483,2011
E1734,,Fareham,293,2011
E0533,,Fenland,100,2011
E3532,,Forest Heath,182,2011
E1633,,Forest of Dean,306,2011
E2335,,Fylde,603,2011
E4501,,Gateshead,474,2011
E3034,,Gedling,118,2011
E1634,,Gloucester,152,2011
E1735,,Gosport,239,2011
E2236,,Gravesham,95,2011
E2633,,Great Yarmouth,2527,2011
E5012,,Greenwich,841,2011
E3633,,Guildford,305,2011
E5013,,Hackney,82,2011
E0601,,Halton UA,57,2011
E2732,,Hambleton,399,2011
E5014,,Hammersmith & Fulham,1951,2011
E2433,,Harborough,173,2011
E5038,,Haringey,515,2011
E1538,,Harlow,75,2011
E2753,,Harrogate,686,2011
E5039,,Harrow,334,2011
E1736,,Hart,115,2011
E0701,,Hartlepool UA,269,2011
E1433,,Hastings,755,2011
E1737,,Havant,484,2011
E5040,,Havering,334,2011
E1801,,Herefordshire UA,767,2011
E1934,,Hertsmere,166,2011
E1037,,High Peak,349,2011
E5041,,Hillingdon,1316,2011
E2434,,Hinckley & Bosworth,217,2011
E3835,,Horsham,427,2011
E5042,,Hounslow,1434,2011
E0551,,Huntingdonshire (new),274,2011
E2336,,Hyndburn,23,2011
E3533,,Ipswich,335,2011
E2101,,Isle of Wight UA,3685,2011
E4001,,Isles of Scilly,194,2011
E5015,,Islington,730,2011
E5016,,Kensington & Chelsea,6908,2011
E2834,,Kettering,169,2011
E2634,,Kings Lynn & West Norfolk,3115,2011
E2002,,Kingston upon Hull UA,292,2011
E5043,,Kingston upon Thames,641,2011
E4703,,Kirklees,1060,2011
E4301,,Knowsley,26,2011
E5017,,Lambeth,992,2011
E2337,,Lancaster,755,2011
E4704,,Leeds,2075,2011
E2401,,Leicester UA,917,2011
E1435,,Lewes,473,2011
E5018,,Lewisham,596,2011
E3433,,Lichfield,77,2011
E2533,,Lincoln,140,2011
E4302,,Liverpool,262,2011
E0201,,Luton UA,678,2011
E2237,,Maidstone,165,2011
E1539,,Maldon,352,2011
E1851,,Malvern Hills (new),373,2011
E4203,,Manchester,579,2011
E3035,,Mansfield,61,2011
E2201,,Medway UA,452,2011
E2436,,Melton,66,2011
E3331,,Mendip,496,2011
E5044,,Merton,1049,2011
E1133,,Mid Devon,235,2011
E3534,,Mid Suffolk,398,2011
E3836,,Mid Sussex,313,2011
E0702,,Middlesbrough UA,27,2011
E0401,,Milton Keynes UA,771,2011
E3634,,Mole Valley,357,2011
E1738,,New Forest,1761,2011
E3036,,Newark & Sherwood,170,2011
E4502,,Newcastle upon Tyne,1850,2011
E3434,,Newcastle-under-Lyme,320,2011
E5045,,Newham,1313,2011
E1134,,North Devon,1675,2011
E1234,,North Dorset,468,2011
E1038,,North East Derbyshire,171,2011
E2003,,North East Lincolnshire UA,388,2011
E1935,,North Hertfordshire,295,2011
E2534,,North Kesteven,218,2011
E2004,,North Lincolnshire UA,492,2011
E2635,,North Norfolk,4700,2011
E0104,,North Somerset UA,501,2011
E4503,,North Tyneside,488,2011
E3731,,North Warwickshire,65,2011
E2437,,North West Leicestershire,101,2011
E2835,,Northampton,227,2011
E2901,,Northumberland UA,3079,2011
E2636,,Norwich,342,2011
E3001,,Nottingham UA,917,2011
E3732,,Nuneaton & Bedworth,56,2011
E2438,,Oadby & Wigston,94,2011
E4204,,Oldham,190,2011
E3132,,Oxford,1332,2011
E2338,,Pendle,117,2011
E0501,,Peterborough UA,229,2011
E1101,,Plymouth UA,1071,2011
E1201,,Poole UA,1759,2011
E1701,,Portsmouth UA,952,2011
E2339,,Preston,301,2011
E1236,,Purbeck,1599,2011
E0303,,Reading UA,1026,2011
E5046,,Redbridge,1052,2011
E0703,,Redcar & Cleveland UA,94,2011
E1835,,Redditch,39,2011
E3635,,Reigate & Banstead,378,2011
E2340,,Ribble Valley,211,2011
E5047,,Richmond upon Thames,700,2011
E2734,,Richmondshire,936,2011
E4205,,Rochdale,63,2011
E1540,,Rochford,69,2011
E2341,,Rossendale,131,2011
E1436,,Rother,1449,2011
E4403,,Rotherham,434,2011
E3733,,Rugby,207,2011
E3636,,Runnymede,215,2011
E3038,,Rushcliffe,303,2011
E1740,,Rushmoor,203,2011
E2402,,Rutland UA,161,2011
E2755,,Ryedale,804,2011
E4206,,Salford,896,2011
E4604,,Sandwell,97,2011
E2736,,Scarborough,4067,2011
E3332,,Sedgemoor,434,2011
E4304,,Sefton,395,2011
E2757,,Selby,144,2011
E2239,,Sevenoaks,249,2011
E4404,,Sheffield,1469,2011
E2240,,Shepway,928,2011
E3202,,Shropshire UA,1346,2011
E0304,,Slough UA,585,2011
E4605,,Solihull,361,2011
E0434,,South Bucks,173,2011
E0536,,South Cambridgeshire,388,2011
E1039,,South Derbyshire,178,2011
E0103,,South Gloucestershire UA,345,2011
E1136,,South Hams,4246,2011
E2535,,South Holland,155,2011
E2536,,South Kesteven,271,2011
E0936,,South Lakeland,3848,2011
E2637,,South Norfolk,518,2011
E2836,,South Northamptonshire,192,2011
E3133,,South Oxfordshire,422,2011
E2342,,South Ribble,73,2011
E3334,,South Somerset,773,2011
E3435,,South Staffordshire,134,2011
E4504,,South Tyneside,36,2011
E1702,,Southampton UA,857,2011
E1501,,Southend-on-Sea UA,222,2011
E5019,,Southwark,1495,2011
E3637,,Spelthorne,261,2011
E1936,,St Albans,398,2011
E3535,,St Edmundsbury,273,2011
E4303,,St Helens,626,2011
E3436,,Stafford,213,2011
E3437,,Staffordshire Moorlands,178,2011
E1937,,Stevenage,107,2011
E4207,,Stockport,712,2011
E0704,,Stockton-on-Tees UA,288,2011
E3401,,Stoke-on-Trent UA,380,2011
E3734,,Stratford-on-Avon,583,2011
E1635,,Stroud,401,2011
E3536,,Suffolk Coastal,2648,2011
E4505,,Sunderland,738,2011
E3638,,Surrey Heath,243,2011
E5048,,Sutton,120,2011
E2241,,Swale,1020,2011
E3901,,Swindon UA,448,2011
E4208,,Tameside,73,2011
E3439,,Tamworth,21,2011
E3639,,Tandridge,258,2011
E3333,,Taunton Deane,333,2011
E1137,,Teignbridge,1170,2011
E3201,,Telford & Wrekin UA,185,2011
E1542,,Tendring,1987,2011
E1742,,Test Valley,270,2011
E1636,,Tewkesbury,239,2011
E2242,,Thanet,1441,2011
E1938,,Three Rivers,176,2011
E1502,,Thurrock UA,196,2011
E2243,,Tonbridge & Malling,300,2011
E1102,,Torbay UA,1621,2011
E1139,,Torridge,960,2011
E5020,,Tower Hamlets,4111,2011
E4209,,Trafford,623,2011
E2244,,Tunbridge Wells,413,2011
E1544,,Uttlesford,222,2011
E3134,,Vale of White Horse,343,2011
E4705,,Wakefield,591,2011
E4606,,Walsall,266,2011
E5049,,Waltham Forest,825,2011
E5021,,Wandsworth,1672,2011
E0602,,Warrington UA,557,2011
E3735,,Warwick,623,2011
E1939,,Watford,314,2011
E3537,,Waveney,1352,2011
E3640,,Waverley,387,2011
E1437,,Wealden,911,2011
E2837,,Wellingborough,72,2011
E1940,,Welwyn Hatfield,677,2011
E0302,,West Berkshire UA,534,2011
E1140,,West Devon,548,2011
E1237,,West Dorset,2578,2011
E2343,,West Lancashire,63,2011
E2537,,West Lindsey,158,2011
E3135,,West Oxfordshire,739,2011
E3335,,West Somerset,1063,2011
E5022,,Westminster,7365,2011
E1238,,Weymouth & Portland,928,2011
E4210,,Wigan,307,2011
E3902,,Wiltshire UA,1851,2011
E1743,,Winchester,501,2011
E0305,,Windsor & Maidenhead UA,850,2011
E4305,,Wirral,778,2011
E3641,,Woking,236,2011
E0306,,Wokingham UA,392,2011
E4607,,Wolverhampton,630,2011
E1837,,Worcester,226,2011
E3837,,Worthing,533,2011
E1838,,Wychavon,431,2011
E0435,,Wycombe,253,2011
E2344,,Wyre,374,2011
E1839,,Wyre Forest,302,2011
E3831,,Adur,181,2010
E0931,,Allerdale,1260,2010
E1031,,Amber Valley,274,2010
E3832,,Arun,1567,2010
E3031,,Ashfield,130,2010
E2231,,Ashford,324,2010
E0431,,Aylesbury Vale,373,2010
E3531,,Babergh,479,2010
E5030,,Barking & Dagenham,233,2010
E5031,,Barnet,2589,2010
E4401,,Barnsley,125,2010
E0932,,Barrow-in-Furness,360,2010
E1531,,Basildon,182,2010
E1731,,Basingstoke & Deane,257,2010
E3032,,Bassetlaw,144,2010
E0101,,Bath & North East Somerset,745,2010
E0202,,Bedford UA,409,2010
E5032,,Bexley,37,2010
E4601,,Birmingham,6431,2010
E2431,,Blaby,82,2010
E2301,,Blackburn with Darwen UA,57,2010
E2302,,Blackpool UA,795,2010
E1032,,Bolsover,28,2010
E4201,,Bolton,118,2010
E2531,,Boston,68,2010
E1202,,Bournemouth UA,3375,2010
E0301,,Bracknell Forest UA,247,2010
E4701,,Bradford,916,2010
E1532,,Braintree,293,2010
E2631,,Breckland,450,2010
E5033,,Brent,611,2010
E1533,,Brentwood,214,2010
E1401,,Brighton and Hove,2092,2010
E0102,,Bristol,2101,2010
E2632,,Broadland,452,2010
E5034,,Bromley,460,2010
E1831,,Bromsgrove,62,2010
E1931,,Broxbourne,79,2010
E3033,,Broxtowe,406,2010
E2333,,Burnley,43,2010
E4202,,Bury,438,2010
E4702,,Calderdale,230,2010
E0531,,Cambridge,1223,2010
E5011,,Camden,4120,2010
E3431,,Cannock Chase,6,2010
E2232,,Canterbury,1019,2010
E0933,,Carlisle,468,2010
E1534,,Castle Point,45,2010
E0203,,Central Bedfordshire UA,249,2010
E2432,,Charnwood,880,2010
E1535,,Chelmsford,303,2010
E1631,,Cheltenham,776,2010
E3131,,Cherwell,307,2010
E0603,,Cheshire East UA,802,2010
E0604,,Cheshire West and Chester UA,979,2010
E1033,,Chesterfield,299,2010
E3833,,Chichester,2794,2010
E0432,,Chiltern,290,2010
E2334,,Chorley,71,2010
E1232,,Christchurch,833,2010
E5010,,City of London,1458,2010
E1536,,Colchester,670,2010
E0934,,Copeland,856,2010
E2831,,Corby,12,2010
E0801,,Cornwall UA,14095,2010
E1632,,Cotswold,1505,2010
E4602,,Coventry,900,2010
E2731,,Craven,720,2010
E3834,,Crawley,334,2010
E5035,,Croydon,7,2010
E1932,,Dacorum,154,2010
E1301,,Darlington UA,260,2010
E2233,,Dartford,143,2010
E2832,,Daventry,345,2010
E1001,,Derby UA,59,2010
E1035,,Derbyshire Dales,983,2010
E4402,,Doncaster,599,2010
E2234,,Dover,1231,2010
E4603,,Dudley,518,2010
E1302,,Durham UA,1906,2010
E5036,,Ealing,999,2010
E0532,,East Cambridgeshire,139,2010
E1131,,East Devon,2384,2010
E1233,,East Dorset,322,2010
E1732,,East Hampshire,325,2010
E1933,,East Hertfordshire,116,2010
E2532,,East Lindsey,1525,2010
E2833,,East Northamptonshire,246,2010
E2001,,East Riding of Yorkshire UA,1627,2010
E3432,,East Staffordshire,172,2010
E1432,,Eastbourne,1112,2010
E1733,,Eastleigh,219,2010
E0935,,Eden,1367,2010
E3631,,Elmbridge,578,2010
E5037,,Enfield,1131,2010
E1537,,Epping Forest,273,2010
E3632,,Epsom and Ewell,121,2010
E1036,,Erewash,74,2010
E1132,,Exeter,465,2010
E1734,,Fareham,303,2010
E0533,,Fenland,115,2010
E3532,,Forest Heath,184,2010
E1633,,Forest of Dean,287,2010
E2335,,Fylde,583,2010
E4501,,Gateshead,0,2010
E3034,,Gedling,127,2010
E1634,,Gloucester,161,2010
E1735,,Gosport,248,2010
E2236,,Gravesham,99,2010
E2633,,Great Yarmouth,2566,2010
E5012,,Greenwich,868,2010
E3633,,Guildford,288,2010
E5013,,Hackney,98,2010
E0601,,Halton UA,32,2010
E2732,,Hambleton,409,2010
E5014,,Hammersmith & Fulham,1877,2010
E2433,,Harborough,181,2010
E5038,,Haringey,446,2010
E1538,,Harlow,79,2010
E2753,,Harrogate,697,2010
E5039,,Harrow,321,2010
E1736,,Hart,123,2010
E0701,,Hartlepool UA,246,2010
E1433,,Hastings,827,2010
E1737,,Havant,482,2010
E5040,,Havering,365,2010
E1801,,Herefordshire UA,842,2010
E1934,,Hertsmere,137,2010
E1037,,High Peak,329,2010
E5041,,Hillingdon,1293,2010
E2434,,Hinckley & Bosworth,213,2010
E3835,,Horsham,420,2010
E5042,,Hounslow,1423,2010
E0551,,Huntingdonshire (new),269,2010
E2336,,Hyndburn,22,2010
E3533,,Ipswich,373,2010
E2101,,Isle of Wight UA,3589,2010
E4001,,Isles of Scilly,208,2010
E5015,,Islington,529,2010
E5016,,Kensington & Chelsea,6737,2010
E2834,,Kettering,149,2010
E2634,,Kings Lynn & West Norfolk,3018,2010
E2002,,Kingston upon Hull UA,221,2010
E5043,,Kingston upon Thames,221,2010
E4703,,Kirklees,1127,2010
E4301,,Knowsley,26,2010
E5017,,Lambeth,1084,2010
E2337,,Lancaster,791,2010
E4704,,Leeds,2194,2010
E2401,,Leicester UA,1189,2010
E1435,,Lewes,476,2010
E5018,,Lewisham,545,2010
E3433,,Lichfield,75,2010
E2533,,Lincoln,143,2010
E4302,,Liverpool,254,2010
E0201,,Luton UA,499,2010
E2237,,Maidstone,185,2010
E1539,,Maldon,357,2010
E1851,,Malvern Hills (new),361,2010
E4203,,Manchester,591,2010
E3035,,Mansfield,75,2010
E2201,,Medway UA,607,2010
E2436,,Melton,74,2010
E3331,,Mendip,473,2010
E5044,,Merton,1007,2010
E1133,,Mid Devon,235,2010
E3534,,Mid Suffolk,411,2010
E3836,,Mid Sussex,325,2010
E0702,,Middlesbrough UA,24,2010
E0401,,Milton Keynes UA,753,2010
E3634,,Mole Valley,353,2010
E1738,,New Forest,1798,2010
E3036,,Newark & Sherwood,172,2010
E4502,,Newcastle upon Tyne,1465,2010
E3434,,Newcastle-under-Lyme,370,2010
E5045,,Newham,1317,2010
E1134,,North Devon,1685,2010
E1234,,North Dorset,460,2010
E1038,,North East Derbyshire,167,2010
E2003,,North East Lincolnshire UA,373,2010
E1935,,North Hertfordshire,303,2010
E2534,,North Kesteven,238,2010
E2004,,North Lincolnshire UA,519,2010
E2635,,North Norfolk,4763,2010
E0104,,North Somerset UA,455,2010
E4503,,North Tyneside,534,2010
E3731,,North Warwickshire,61,2010
E2437,,North West Leicestershire,110,2010
E2835,,Northampton,217,2010
E2901,,Northumberland UA,3002,2010
E2636,,Norwich,331,2010
E3001,,Nottingham UA,891,2010
E3732,,Nuneaton & Bedworth,60,2010
E2438,,Oadby & Wigston,83,2010
E4204,,Oldham,189,2010
E3132,,Oxford,1328,2010
E2338,,Pendle,117,2010
E0501,,Peterborough UA,212,2010
E1101,,Plymouth UA,1059,2010
E1201,,Poole UA,1775,2010
E1701,,Portsmouth UA,953,2010
E2339,,Preston,267,2010
E1236,,Purbeck,1590,2010
E0303,,Reading UA,1059,2010
E5046,,Redbridge,1018,2010
E0703,,Redcar & Cleveland UA,93,2010
E1835,,Redditch,39,2010
E3635,,Reigate & Banstead,387,2010
E2340,,Ribble Valley,218,2010
E5047,,Richmond upon Thames,708,2010
E2734,,Richmondshire,894,2010
E4205,,Rochdale,25,2010
E1540,,Rochford,33,2010
E2341,,Rossendale,123,2010
E1436,,Rother,1457,2010
E4403,,Rotherham,426,2010
E3733,,Rugby,239,2010
E3636,,Runnymede,223,2010
E3038,,Rushcliffe,368,2010
E1740,,Rushmoor,211,2010
E2402,,Rutland UA,151,2010
E2755,,Ryedale,764,2010
E4206,,Salford,196,2010
E4604,,Sandwell,111,2010
E2736,,Scarborough,3979,2010
E3332,,Sedgemoor,442,2010
E4304,,Sefton,100,2010
E2757,,Selby,132,2010
E2239,,Sevenoaks,269,2010
E4404,,Sheffield,1274,2010
E2240,,Shepway,906,2010
E3202,,Shropshire UA,1341,2010
E0304,,Slough UA,707,2010
E4605,,Solihull,389,2010
E0434,,South Bucks,179,2010
E0536,,South Cambridgeshire,381,2010
E1039,,South Derbyshire,191,2010
E0103,,South Gloucestershire UA,351,2010
E1136,,South Hams,4115,2010
E2535,,South Holland,152,2010
E2536,,South Kesteven,266,2010
E0936,,South Lakeland,3845,2010
E2637,,South Norfolk,452,2010
E2836,,South Northamptonshire,185,2010
E3133,,South Oxfordshire,398,2010
E2342,,South Ribble,76,2010
E3334,,South Somerset,773,2010
E3435,,South Staffordshire,130,2010
E4504,,South Tyneside,90,2010
E1702,,Southampton UA,1067,2010
E1501,,Southend-on-Sea UA,220,2010
E5019,,Southwark,1945,2010
E3637,,Spelthorne,245,2010
E1936,,St Albans,415,2010
E3535,,St Edmundsbury,257,2010
E4303,,St Helens,591,2010
E3436,,Stafford,134,2010
E3437,,Staffordshire Moorlands,174,2010
E1937,,Stevenage,106,2010
E4207,,Stockport,734,2010
E0704,,Stockton-on-Tees UA,279,2010
E3401,,Stoke-on-Trent UA,383,2010
E3734,,Stratford-on-Avon,598,2010
E1635,,Stroud,409,2010
E3536,,Suffolk Coastal,2600,2010
E4505,,Sunderland,708,2010
E3638,,Surrey Heath,237,2010
E5048,,Sutton,145,2010
E2241,,Swale,1931,2010
E3901,,Swindon UA,417,2010
E4208,,Tameside,74,2010
E3439,,Tamworth,20,2010
E3639,,Tandridge,248,2010
E3333,,Taunton Deane,295,2010
E1137,,Teignbridge,1144,2010
E3201,,Telford & Wrekin UA,167,2010
E1542,,Tendring,1970,2010
E1742,,Test Valley,285,2010
E1636,,Tewkesbury,230,2010
E2242,,Thanet,1412,2010
E1938,,Three Rivers,160,2010
E1502,,Thurrock UA,225,2010
E2243,,Tonbridge & Malling,282,2010
E1102,,Torbay UA,1518,2010
E1139,,Torridge,933,2010
E5020,,Tower Hamlets,4074,2010
E4209,,Trafford,618,2010
E2244,,Tunbridge Wells,440,2010
E1544,,Uttlesford,214,2010
E3134,,Vale of White Horse,338,2010
E4705,,Wakefield,147,2010
E4606,,Walsall,243,2010
E5049,,Waltham Forest,1002,2010
E5021,,Wandsworth,1851,2010
E0602,,Warrington UA,569,2010
E3735,,Warwick,636,2010
E1939,,Watford,40,2010
E3537,,Waveney,1340,2010
E3640,,Waverley,390,2010
E1437,,Wealden,899,2010
E2837,,Wellingborough,94,2010
E1940,,Welwyn Hatfield,712,2010
E0302,,West Berkshire UA,553,2010
E1140,,West Devon,493,2010
E1237,,West Dorset,2550,2010
E2343,,West Lancashire,62,2010
E2537,,West Lindsey,165,2010
E3135,,West Oxfordshire,747,2010
E3335,,West Somerset,997,2010
E5022,,Westminster,7152,2010
E1238,,Weymouth & Portland,925,2010
E4210,,Wigan,295,2010
E3902,,Wiltshire UA,1813,2010
E1743,,Winchester,515,2010
E0305,,Windsor & Maidenhead UA,891,2010
E4305,,Wirral,651,2010
E3641,,Woking,249,2010
E0306,,Wokingham UA,410,2010
E4607,,Wolverhampton,564,2010
E1837,,Worcester,224,2010
E3837,,Worthing,505,2010
E1838,,Wychavon,380,2010
E0435,,Wycombe,255,2010
E2344,,Wyre,381,2010
E1839,,Wyre Forest,313,2010
